population,road,year,nl_med,fl_area,x,constituency_fe,ny_group,ny_group2,treat
2141.1257,.48795182,2011,4.1066136,0,0,375,0,,0
2141.1257,.48795182,2012,5.8380952,,0,375,0,,0
2141.1257,.48795182,2013,5.5088387,.02,.02,375,0,,0
4899.9429,.4848485,2011,3.5752947,0,0,380,0,,0
4899.9429,.4848485,2012,4.5418291,,0,380,0,,0
4899.9429,.4848485,2013,4.4210677,.0099999998,.0099999998,380,0,,0
4564.1665,.29411766,2011,5.3621936,0,0,383,0,,0
4564.1665,.29411766,2012,6.9785051,,0,383,0,,0
4564.1665,.29411766,2013,6.3333335,.0099999998,.0099999998,383,0,,0
3819.9167,.37804878,2011,5.5259256,0,0,384,0,,0
3819.9167,.37804878,2012,6.9118719,,0,384,0,,0
3819.9167,.37804878,2013,6.3249998,.079999998,.079999998,384,0,,0
3831.2698,.56321841,2011,5.060185,0,0,385,0,,0
3831.2698,.56321841,2012,6.061111,,0,385,0,,0
3831.2698,.56321841,2013,5.8777781,.98000002,.98000002,385,0,,0
19170.518,.72000003,2011,4.9490738,0,0,386,0,,0
19170.518,.72000003,2012,6.9045668,,0,386,0,,0
19170.518,.72000003,2013,5.8553662,2.24,2.24,386,0,,0
3146.6414,.56179774,2011,4.8060184,0,0,389,0,,0
3146.6414,.56179774,2012,5.8240738,,0,389,0,,0
3146.6414,.56179774,2013,5.3041396,.63,.63,389,0,,0
1822.9641,.71515149,2011,7.0355487,0,0,396,0,,0
1822.9641,.71515149,2012,8.7655306,,0,396,0,,0
1822.9641,.71515149,2013,7.5985751,.02,.02,396,0,,0
2495.554,.37984496,2011,4.9023571,0,0,397,0,,0
2495.554,.37984496,2012,6.5972643,,0,397,0,,0
2495.554,.37984496,2013,6.0631313,.41,.41,397,0,,0
3710.4941,.39534885,2011,4.9045033,0,0,398,0,,0
3710.4941,.39534885,2012,6.1649833,,0,398,0,,0
3710.4941,.39534885,2013,5.3861833,.79000002,.79000002,398,0,,0
2264.125,.4125874,2011,4.6739478,0,0,399,0,,0
2264.125,.4125874,2012,6.0705385,,0,399,0,,0
2264.125,.4125874,2013,5.560606,2.3099999,2.3099999,399,0,,0
1665.0347,.45049506,2011,5.1480217,0,0,400,0,,0
1665.0347,.45049506,2012,6.9714289,,0,400,0,,0
1665.0347,.45049506,2013,6.6990528,6.0500002,6.0500002,400,0,,0
2143.9106,.53293413,2011,5.7665944,0,0,401,0,,0
2143.9106,.53293413,2012,7.6050262,,0,401,0,,0
2143.9106,.53293413,2013,7.8978086,5.4699998,5.4699998,401,0,,0
1570.5845,.47488585,2011,5.8231483,0,0,402,0,,0
1570.5845,.47488585,2012,8.0023813,,0,402,0,,0
1570.5845,.47488585,2013,7.4704542,.40000001,.40000001,402,0,,0
851.17499,.43437499,2011,4.2043834,0,0,407,0,,0
851.17499,.43437499,2012,6.0663061,,0,407,0,,0
851.17499,.43437499,2013,5.7463202,.43000001,.43000001,407,0,,0
760.53265,.44078946,2011,4.4088926,0,0,409,0,,0
760.53265,.44078946,2012,6.2071428,,0,409,0,,0
760.53265,.44078946,2013,5.4922261,.0099999998,.0099999998,409,0,,0
7040.1304,.41304347,2011,4.6236954,0,0,445,0,,0
7040.1304,.41304347,2012,5.677381,,0,445,0,,0
7040.1304,.41304347,2013,5.627841,.20999999,.20999999,445,0,,0
670.71155,.60385442,2009,4.0258837,,0,683,2011,2011,1
670.71155,.60385442,2010,3.5875001,,0,683,2011,2011,1
670.71155,.60385442,2011,4.15873,.0099999998,.0099999998,683,2011,2011,1
670.71155,.60385442,2012,4.2316918,,0,683,2011,2011,1
670.71155,.60385442,2013,3.6776557,0,0,683,2011,2011,1
876.72064,.83174604,2009,4.2791667,,0,684,2011,2011,1
876.72064,.83174604,2010,3.9820106,,0,684,2011,2011,1
876.72064,.83174604,2011,4.0320435,2.0599999,2.0599999,684,2011,2011,1
876.72064,.83174604,2012,4.8796959,,0,684,2011,2011,1
876.72064,.83174604,2013,4.0598292,.22,.22,684,2011,2011,1
930.02832,.76656151,2009,3.7805555,,0,685,2011,2011,1
930.02832,.76656151,2010,3.8583333,,0,685,2011,2011,1
930.02832,.76656151,2011,3.850992,2.2,2.2,685,2011,2011,1
930.02832,.76656151,2012,4.7238097,,0,685,2011,2011,1
930.02832,.76656151,2013,4.224359,.11,.11,685,2011,2011,1
545.49176,.69547325,2009,4.7652779,,0,690,2011,2011,1
545.49176,.69547325,2010,4.2476854,,0,690,2011,2011,1
545.49176,.69547325,2011,4.052381,.50999999,.50999999,690,2011,2011,1
545.49176,.69547325,2012,4.4994049,,0,690,2011,2011,1
545.49176,.69547325,2013,4.2591577,0,0,690,2011,2011,1
523.86914,.58504671,2009,3.9861112,,0,692,2011,2011,1
523.86914,.58504671,2010,3.6046295,,0,692,2011,2011,1
523.86914,.58504671,2011,3.7995372,.86000001,.86000001,692,2011,2011,1
523.86914,.58504671,2012,4.1666665,,0,692,2011,2011,1
523.86914,.58504671,2013,3.9133089,0,0,692,2011,2011,1
753.99164,.67688024,2009,4.3746033,,0,693,2011,2011,1
753.99164,.67688024,2010,3.4342592,,0,693,2011,2011,1
753.99164,.67688024,2011,4.090476,.31,.31,693,2011,2011,1
753.99164,.67688024,2012,4.0879631,,0,693,2011,2011,1
753.99164,.67688024,2013,3.6442308,0,0,693,2011,2011,1
799.15387,.72222221,2009,3.8999999,,0,694,2011,2011,1
799.15387,.72222221,2010,4.0986109,,0,694,2011,2011,1
799.15387,.72222221,2011,3.7819445,5.8600001,5.8600001,694,2011,2011,1
799.15387,.72222221,2012,4.1473546,,0,694,2011,2011,1
799.15387,.72222221,2013,4.5311356,.079999998,.079999998,694,2011,2011,1
683.78052,.78048778,2009,4.7694445,,0,695,2011,2011,1
683.78052,.78048778,2010,5.0746031,,0,695,2011,2011,1
683.78052,.78048778,2011,4.3833332,16.43,16.43,695,2011,2011,1
683.78052,.78048778,2012,4.7304716,,0,695,2011,2011,1
683.78052,.78048778,2013,5.4365077,.14,.14,695,2011,2011,1
1020.9835,.73754156,2009,4.1064816,,0,696,2011,2011,1
1020.9835,.73754156,2010,4.4004631,,0,696,2011,2011,1
1020.9835,.73754156,2011,4.4256616,2.26,2.26,696,2011,2011,1
1020.9835,.73754156,2012,4.8786616,,0,696,2011,2011,1
1020.9835,.73754156,2013,4.964591,0,0,696,2011,2011,1
596.61725,.69138277,2009,4.2597222,,0,697,2011,2011,1
596.61725,.69138277,2010,4.6550927,,0,697,2011,2011,1
596.61725,.69138277,2011,4.1550927,5.5700002,5.5700002,697,2011,2011,1
596.61725,.69138277,2012,4.7643518,,0,697,2011,2011,1
596.61725,.69138277,2013,4.4819622,.029999999,.029999999,697,2011,2011,1
941.99078,.67283952,2009,4.5388889,,0,698,2011,2011,1
941.99078,.67283952,2010,4.9796295,,0,698,2011,2011,1
941.99078,.67283952,2011,4.749537,23.610001,23.610001,698,2011,2011,1
941.99078,.67283952,2012,5.3553572,,0,698,2011,2011,1
941.99078,.67283952,2013,5.4138889,2.5,2.5,698,2011,2011,1
895.33331,.76825398,2009,4.7537036,,0,699,2011,2011,1
895.33331,.76825398,2010,5.3592591,,0,699,2011,2011,1
895.33331,.76825398,2011,4.6495371,15.68,15.68,699,2011,2011,1
895.33331,.76825398,2012,5.4546299,,0,699,2011,2011,1
895.33331,.76825398,2013,6.0305557,7.8099999,7.8099999,699,2011,2011,1
858.84399,.72144848,2009,3.6996031,,0,700,2011,2011,1
858.84399,.72144848,2010,4.3851852,,0,700,2011,2011,1
858.84399,.72144848,2011,4.3851852,43.450001,43.450001,700,2011,2011,1
858.84399,.72144848,2012,5.188889,,0,700,2011,2011,1
858.84399,.72144848,2013,5.067821,5.21,5.21,700,2011,2011,1
1759.6079,.65714288,2009,4.0317459,,0,701,2011,2011,1
1759.6079,.65714288,2010,4.6986113,,0,701,2011,2011,1
1759.6079,.65714288,2011,4.3351192,64.620003,64.620003,701,2011,2011,1
1759.6079,.65714288,2012,5.6488094,,0,701,2011,2011,1
1759.6079,.65714288,2013,5.3452382,13.87,13.87,701,2011,2011,1
877.72125,.67832166,2009,6.8202381,,0,702,2011,2011,1
877.72125,.67832166,2010,7.6587963,,0,702,2011,2011,1
877.72125,.67832166,2011,6.8950396,30.940001,30.940001,702,2011,2011,1
877.72125,.67832166,2012,8.9790344,,0,702,2011,2011,1
877.72125,.67832166,2013,8.2222223,3.8599999,3.8599999,702,2011,2011,1
778.13416,.38782051,2009,5.2416668,,0,703,2011,2011,1
778.13416,.38782051,2010,5.370635,,0,703,2011,2011,1
778.13416,.38782051,2011,4.9950395,7.6799998,7.6799998,703,2011,2011,1
778.13416,.38782051,2012,5.7674603,,0,703,2011,2011,1
778.13416,.38782051,2013,5.5042734,.23999999,.23999999,703,2011,2011,1
977.2879,.80745339,2009,4.9421296,,0,704,2011,2011,1
977.2879,.80745339,2010,4.7740741,,0,704,2011,2011,1
977.2879,.80745339,2011,5.4763889,9.1800003,9.1800003,704,2011,2011,1
977.2879,.80745339,2012,6.5470901,,0,704,2011,2011,1
977.2879,.80745339,2013,6.2393165,1.4400001,1.4400001,704,2011,2011,1
620.06171,.627572,2009,4.709259,,0,705,2011,2011,1
620.06171,.627572,2010,5.1380291,,0,705,2011,2011,1
620.06171,.627572,2011,5.2365742,6.0599999,6.0599999,705,2011,2011,1
620.06171,.627572,2012,6.1592593,,0,705,2011,2011,1
620.06171,.627572,2013,5.4981685,1.7,1.7,705,2011,2011,1
781.69397,.86612022,2009,4.5359788,,0,706,2011,2011,1
781.69397,.86612022,2010,4.9759259,,0,706,2011,2011,1
781.69397,.86612022,2011,4.3178244,3.6700001,3.6700001,706,2011,2011,1
781.69397,.86612022,2012,5.8496032,,0,706,2011,2011,1
781.69397,.86612022,2013,5.6282053,1.47,1.47,706,2011,2011,1
2313.9424,.98540145,2009,5.845767,,0,707,2011,2011,1
2313.9424,.98540145,2010,6.3625002,,0,707,2011,2011,1
2313.9424,.98540145,2011,6.2171626,2.1199999,2.1199999,707,2011,2011,1
2313.9424,.98540145,2012,7.3521166,,0,707,2011,2011,1
2313.9424,.98540145,2013,6.4145298,.059999999,.059999999,707,2011,2011,1
1403.186,.81308413,2009,3.3710318,,0,708,2011,2011,1
1403.186,.81308413,2010,3.5835648,,0,708,2011,2011,1
1403.186,.81308413,2011,3.4662697,9.9799995,9.9799995,708,2011,2011,1
1403.186,.81308413,2012,4.3579364,,0,708,2011,2011,1
1403.186,.81308413,2013,4.1965809,4.8200002,4.8200002,708,2011,2011,1
1500.2217,.87623763,2009,3.9759259,,0,709,2011,2011,1
1500.2217,.87623763,2010,4.5546293,,0,709,2011,2011,1
1500.2217,.87623763,2011,4.1800928,62.91,62.91,709,2011,2011,1
1500.2217,.87623763,2012,5.3185186,,0,709,2011,2011,1
1500.2217,.87623763,2013,4.7545786,45.130001,45.130001,709,2011,2011,1
944.22015,.59433961,2009,3.6962962,,0,710,2011,2011,1
944.22015,.59433961,2010,3.5957792,,0,710,2011,2011,1
944.22015,.59433961,2011,3.3314815,15.91,15.91,710,2011,2011,1
944.22015,.59433961,2012,4.1033731,,0,710,2011,2011,1
944.22015,.59433961,2013,3.9829059,43.049999,43.049999,710,2011,2011,1
1495.4368,.86624205,2009,4.1637568,,0,711,2011,2011,1
1495.4368,.86624205,2010,4.5467591,,0,711,2011,2011,1
1495.4368,.86624205,2011,4.1296296,44.610001,44.610001,711,2011,2011,1
1495.4368,.86624205,2012,5.9179893,,0,711,2011,2011,1
1495.4368,.86624205,2013,5.402564,50.23,50.23,711,2011,2011,1
1430.5792,.77472526,2009,5.2158728,,0,712,2011,2011,1
1430.5792,.77472526,2010,5.7950397,,0,712,2011,2011,1
1430.5792,.77472526,2011,5.4876323,34.790001,34.790001,712,2011,2011,1
1430.5792,.77472526,2012,6.7470899,,0,712,2011,2011,1
1430.5792,.77472526,2013,6.402564,44.91,44.91,712,2011,2011,1
1070.7107,.67659575,2009,5.8341269,,0,713,2011,2011,1
1070.7107,.67659575,2010,6.2037039,,0,713,2011,2011,1
1070.7107,.67659575,2011,5.5250001,20.33,20.33,713,2011,2011,1
1070.7107,.67659575,2012,6.9092593,,0,713,2011,2011,1
1070.7107,.67659575,2013,6.5109892,30.389999,30.389999,713,2011,2011,1
897.64093,.9358108,2009,7.4408069,,0,714,2011,2011,1
897.64093,.9358108,2010,7.9624338,,0,714,2011,2011,1
897.64093,.9358108,2011,7.2363095,16.48,16.48,714,2011,2011,1
897.64093,.9358108,2012,8.4873734,,0,714,2011,2011,1
897.64093,.9358108,2013,8.4102564,21.219999,21.219999,714,2011,2011,1
1252.1713,.71627909,2009,5.5351191,,0,715,2011,2011,1
1252.1713,.71627909,2010,6.3939815,,0,715,2011,2011,1
1252.1713,.71627909,2011,5.0739417,36.060001,36.060001,715,2011,2011,1
1252.1713,.71627909,2012,6.3782825,,0,715,2011,2011,1
1252.1713,.71627909,2013,6.3559828,25.780001,25.780001,715,2011,2011,1
1005.974,.71641791,2009,6.3567462,,0,716,2011,2011,1
1005.974,.71641791,2010,6.6738095,,0,716,2011,2011,1
1005.974,.71641791,2011,5.3476853,18.959999,18.959999,716,2011,2011,1
1005.974,.71641791,2012,6.6222224,,0,716,2011,2011,1
1005.974,.71641791,2013,6.3974357,10.74,10.74,716,2011,2011,1
1257.0634,.66502464,2009,7.1689816,,0,717,2011,2011,1
1257.0634,.66502464,2010,7.819643,,0,717,2011,2011,1
1257.0634,.66502464,2011,8.6393518,4.2399998,4.2399998,717,2011,2011,1
1257.0634,.66502464,2012,9.9969692,,0,717,2011,2011,1
1257.0634,.66502464,2013,7.6965814,2.5599999,2.5599999,717,2011,2011,1
1282.4796,.73877549,2009,4.0486112,,0,718,2011,2011,1
1282.4796,.73877549,2010,4.221693,,0,718,2011,2011,1
1282.4796,.73877549,2011,4.2526455,1.55,1.55,718,2011,2011,1
1282.4796,.73877549,2012,4.9799061,,0,718,2011,2011,1
1282.4796,.73877549,2013,4.3982906,2.22,2.22,718,2011,2011,1
1074.4497,.67003369,2009,4.2822418,,0,719,2011,2011,1
1074.4497,.67003369,2010,4.7958331,,0,719,2011,2011,1
1074.4497,.67003369,2011,4.8422618,.039999999,.039999999,719,2011,2011,1
1074.4497,.67003369,2012,5.6567459,,0,719,2011,2011,1
1074.4497,.67003369,2013,4.9333334,.58999997,.58999997,719,2011,2011,1
1051.1273,.73207545,2009,4.5224867,,0,720,2011,2011,1
1051.1273,.73207545,2010,4.982738,,0,720,2011,2011,1
1051.1273,.73207545,2011,5.1322751,5.3499999,5.3499999,720,2011,2011,1
1051.1273,.73207545,2012,6.5685186,,0,720,2011,2011,1
1051.1273,.73207545,2013,5.5641026,4.4400001,4.4400001,720,2011,2011,1
1191.5375,.54424781,2009,4.6296296,,0,721,2011,2011,1
1191.5375,.54424781,2010,4.5112433,,0,721,2011,2011,1
1191.5375,.54424781,2011,4.6064816,.07,.07,721,2011,2011,1
1191.5375,.54424781,2012,5.0305557,,0,721,2011,2011,1
1191.5375,.54424781,2013,4.2576313,0,0,721,2011,2011,1
466.19437,.54788071,2009,3.5440476,,0,726,0,,0
466.19437,.54788071,2010,3.5039682,,0,726,0,,0
466.19437,.54788071,2011,4.6990738,0,0,726,0,,0
466.19437,.54788071,2012,4.2081528,,0,726,0,,0
466.19437,.54788071,2013,3.6269841,.050000001,.050000001,726,0,,0
666.06635,.58095241,2009,3.3785052,,0,727,0,,0
666.06635,.58095241,2010,3.6587963,,0,727,0,,0
666.06635,.58095241,2011,3.6680555,0,0,727,0,,0
666.06635,.58095241,2012,4.052381,,0,727,0,,0
666.06635,.58095241,2013,3.9079366,.28999999,.28999999,727,0,,0
378.42758,.73103446,2009,3.125,,0,748,0,,0
378.42758,.73103446,2010,3.511111,,0,748,0,,0
378.42758,.73103446,2011,3.7847223,0,0,748,0,,0
378.42758,.73103446,2012,4.0089946,,0,748,0,,0
378.42758,.73103446,2013,3.3941393,.07,.07,748,0,,0
420.67871,.49333334,2009,3.3432539,,0,749,2011,2011,1
420.67871,.49333334,2010,3.3178573,,0,749,2011,2011,1
420.67871,.49333334,2011,4.3726854,.07,.07,749,2011,2011,1
420.67871,.49333334,2012,3.8563132,,0,749,2011,2011,1
420.67871,.49333334,2013,3.5238094,3.6600001,3.6600001,749,2011,2011,1
852.70831,.54317546,2009,3.7073412,,0,750,2011,2011,1
852.70831,.54317546,2010,3.8228176,,0,750,2011,2011,1
852.70831,.54317546,2011,5.0085979,1.54,1.54,750,2011,2011,1
852.70831,.54317546,2012,4.4291668,,0,750,2011,2011,1
852.70831,.54317546,2013,3.8051281,3.3,3.3,750,2011,2011,1
1609.7322,.70303029,2009,4.5595236,,0,751,2011,2011,1
1609.7322,.70303029,2010,4.6168652,,0,751,2011,2011,1
1609.7322,.70303029,2011,4.5046296,14.31,14.31,751,2011,2011,1
1609.7322,.70303029,2012,5.3453703,,0,751,2011,2011,1
1609.7322,.70303029,2013,5.2547007,19.469999,19.469999,751,2011,2011,1
1020.7277,.75,2009,6.4494047,,0,752,2011,2011,1
1020.7277,.75,2010,6.8152776,,0,752,2011,2011,1
1020.7277,.75,2011,5.8375664,6.8200002,6.8200002,752,2011,2011,1
1020.7277,.75,2012,6.6378789,,0,752,2011,2011,1
1020.7277,.75,2013,6.0589743,6.8800001,6.8800001,752,2011,2011,1
1101.6654,.7153846,2009,5.4894843,,0,755,2011,2011,1
1101.6654,.7153846,2010,5.7585139,,0,755,2011,2011,1
1101.6654,.7153846,2011,5.8223214,7.0700002,7.0700002,755,2011,2011,1
1101.6654,.7153846,2012,7.2560844,,0,755,2011,2011,1
1101.6654,.7153846,2013,7.3606839,3.1199999,3.1199999,755,2011,2011,1
1097.2789,.83935744,2009,7.5833335,,0,757,2011,2011,1
1097.2789,.83935744,2010,7.6532407,,0,757,2011,2011,1
1097.2789,.83935744,2011,6.790741,5.8899999,5.8899999,757,2011,2011,1
1097.2789,.83935744,2012,8.8968258,,0,757,2011,2011,1
1097.2789,.83935744,2013,8.2051277,3.01,3.01,757,2011,2011,1
998.19244,.88328075,2009,6.6972885,,0,758,2011,2011,1
998.19244,.88328075,2010,7.115344,,0,758,2011,2011,1
998.19244,.88328075,2011,6.0541668,13.26,13.26,758,2011,2011,1
998.19244,.88328075,2012,7.932107,,0,758,2011,2011,1
998.19244,.88328075,2013,7.2564101,13.6,13.6,758,2011,2011,1
901.48828,.94152045,2009,6.2402115,,0,759,2011,2011,1
901.48828,.94152045,2010,6.9068785,,0,759,2011,2011,1
901.48828,.94152045,2011,5.8801589,19.73,19.73,759,2011,2011,1
901.48828,.94152045,2012,7.5,,0,759,2011,2011,1
901.48828,.94152045,2013,7.4102564,20.280001,20.280001,759,2011,2011,1
1559.0178,.92215568,2009,5.5525131,,0,760,2011,2011,1
1559.0178,.92215568,2010,6.2296958,,0,760,2011,2011,1
1559.0178,.92215568,2011,5.7616405,27.07,27.07,760,2011,2011,1
1559.0178,.92215568,2012,6.7131553,,0,760,2011,2011,1
1559.0178,.92215568,2013,6.6062269,21.68,21.68,760,2011,2011,1
996.32373,.81294966,2009,3.9577382,,0,761,2011,2011,1
996.32373,.81294966,2010,4.4425926,,0,761,2011,2011,1
996.32373,.81294966,2011,3.6046295,28.6,28.6,761,2011,2011,1
996.32373,.81294966,2012,5.0290527,,0,761,2011,2011,1
996.32373,.81294966,2013,4.8021979,52.580002,52.580002,761,2011,2011,1
857.1629,.63098592,2009,3.2129631,,0,762,2011,2011,1
857.1629,.63098592,2010,3.5854497,,0,762,2011,2011,1
857.1629,.63098592,2011,3.5435185,8.8999996,8.8999996,762,2011,2011,1
857.1629,.63098592,2012,4.2300506,,0,762,2011,2011,1
857.1629,.63098592,2013,4.1709399,8.71,8.71,762,2011,2011,1
1115.9844,.68093383,2009,4.2375002,,0,763,2011,2011,1
1115.9844,.68093383,2010,4.6357145,,0,763,2011,2011,1
1115.9844,.68093383,2011,4.130754,12.34,12.34,763,2011,2011,1
1115.9844,.68093383,2012,5.0500841,,0,763,2011,2011,1
1115.9844,.68093383,2013,4.7794871,11.41,11.41,763,2011,2011,1
1339.5782,.86602873,2009,8.5791998,,0,764,2011,2011,1
1339.5782,.86602873,2010,10.395734,,0,764,2011,2011,1
1339.5782,.86602873,2011,7.3603835,22.27,22.27,764,2011,2011,1
1339.5782,.86602873,2012,8.6671715,,0,764,2011,2011,1
1339.5782,.86602873,2013,7.9615383,25.66,25.66,764,2011,2011,1
837.74438,.83943659,2009,5.765377,,0,765,2011,2011,1
837.74438,.83943659,2010,5.9739537,,0,765,2011,2011,1
837.74438,.83943659,2011,5.4570107,8.9399996,8.9399996,765,2011,2011,1
837.74438,.83943659,2012,6.7185426,,0,765,2011,2011,1
837.74438,.83943659,2013,6.7264957,8.7299995,8.7299995,765,2011,2011,1
747.88293,.84390247,2009,3.6474867,,0,766,2011,2011,1
747.88293,.84390247,2010,3.9759741,,0,766,2011,2011,1
747.88293,.84390247,2011,4.0425925,36.150002,36.150002,766,2011,2011,1
747.88293,.84390247,2012,5.0720901,,0,766,2011,2011,1
747.88293,.84390247,2013,5.0064101,.25999999,.25999999,766,2011,2011,1
1026.3292,.91322315,2009,5.6317792,,0,767,2011,2011,1
1026.3292,.91322315,2010,5.558466,,0,767,2011,2011,1
1026.3292,.91322315,2011,5.534524,12.28,12.28,767,2011,2011,1
1026.3292,.91322315,2012,7.1054897,,0,767,2011,2011,1
1026.3292,.91322315,2013,6.9829059,2.26,2.26,767,2011,2011,1
950.37292,.70860928,2009,4.5145502,,0,768,2011,2011,1
950.37292,.70860928,2010,5.1264548,,0,768,2011,2011,1
950.37292,.70860928,2011,4.6701059,18.51,18.51,768,2011,2011,1
950.37292,.70860928,2012,5.9810848,,0,768,2011,2011,1
950.37292,.70860928,2013,5.8333335,9.6499996,9.6499996,768,2011,2011,1
882.36334,.84423673,2009,5.2331347,,0,769,2011,2011,1
882.36334,.84423673,2010,5.8901515,,0,769,2011,2011,1
882.36334,.84423673,2011,5.7203703,14.06,14.06,769,2011,2011,1
882.36334,.84423673,2012,7.0330687,,0,769,2011,2011,1
882.36334,.84423673,2013,6.3888888,21.809999,21.809999,769,2011,2011,1
2921.3926,.8952381,2009,4.630291,,0,770,2011,2011,1
2921.3926,.8952381,2010,4.9998016,,0,770,2011,2011,1
2921.3926,.8952381,2011,4.6628308,15.43,15.43,770,2011,2011,1
2921.3926,.8952381,2012,5.6614056,,0,770,2011,2011,1
2921.3926,.8952381,2013,5.1794872,25.34,25.34,770,2011,2011,1
870.33441,.86885244,2009,3.2561326,,0,771,2011,2011,1
870.33441,.86885244,2010,3.5161436,,0,771,2011,2011,1
870.33441,.86885244,2011,3.3197751,27.77,27.77,771,2011,2011,1
870.33441,.86885244,2012,4.219841,,0,771,2011,2011,1
870.33441,.86885244,2013,3.6752138,17.57,17.57,771,2011,2011,1
1142.374,.83739835,2009,4.1448412,,0,772,2011,2011,1
1142.374,.83739835,2010,4.4440536,,0,772,2011,2011,1
1142.374,.83739835,2011,4.4973545,36.84,36.84,772,2011,2011,1
1142.374,.83739835,2012,5.346561,,0,772,2011,2011,1
1142.374,.83739835,2013,5.0558,47.599998,47.599998,772,2011,2011,1
864.0647,.9218241,2009,5.2609129,,0,773,2011,2011,1
864.0647,.9218241,2010,6.0497837,,0,773,2011,2011,1
864.0647,.9218241,2011,6.1137567,9.0299997,9.0299997,773,2011,2011,1
864.0647,.9218241,2012,7.8369708,,0,773,2011,2011,1
864.0647,.9218241,2013,7.2435899,23.860001,23.860001,773,2011,2011,1
1247.3556,.71022725,2009,7.4861112,,0,774,2011,2011,1
1247.3556,.71022725,2010,7.9297619,,0,774,2011,2011,1
1247.3556,.71022725,2011,7.0578704,9.1199999,9.1199999,774,2011,2011,1
1247.3556,.71022725,2012,9.3982143,,0,774,2011,2011,1
1247.3556,.71022725,2013,8.5256414,7.5999999,7.5999999,774,2011,2011,1
1474.5111,.68156427,2009,11.807539,,0,778,2011,2011,1
1474.5111,.68156427,2010,13.309794,,0,778,2011,2011,1
1474.5111,.68156427,2011,11.324074,5.1599998,5.1599998,778,2011,2011,1
1474.5111,.68156427,2012,15.179893,,0,778,2011,2011,1
1474.5111,.68156427,2013,12.76282,3.3900001,3.3900001,778,2011,2011,1
697.98981,.90561223,2009,4.5562167,,0,779,2011,2011,1
697.98981,.90561223,2010,4.7976189,,0,779,2011,2011,1
697.98981,.90561223,2011,4.3125,6,6,779,2011,2011,1
697.98981,.90561223,2012,5.4482327,,0,779,2011,2011,1
697.98981,.90561223,2013,5.1388888,9.4399996,9.4399996,779,2011,2011,1
1278.4791,.69491524,2009,4.6560183,,0,780,2011,2011,1
1278.4791,.69491524,2010,5.6178751,,0,780,2011,2011,1
1278.4791,.69491524,2011,5.5300927,20.16,20.16,780,2011,2011,1
1278.4791,.69491524,2012,6.9589949,,0,780,2011,2011,1
1278.4791,.69491524,2013,6.6605616,17.549999,17.549999,780,2011,2011,1
854.67847,.27597404,2009,3.5355158,,0,781,2011,2011,1
854.67847,.27597404,2010,3.9448051,,0,781,2011,2011,1
854.67847,.27597404,2011,4.0300927,4.3200002,4.3200002,781,2011,2011,1
854.67847,.27597404,2012,4.5694447,,0,781,2011,2011,1
854.67847,.27597404,2013,4,.76999998,.76999998,781,2011,2011,1
800.91003,.82867134,2009,3.4910715,,0,782,2011,2011,1
800.91003,.82867134,2010,3.9666667,,0,782,2011,2011,1
800.91003,.82867134,2011,4.1458335,.31999999,.31999999,782,2011,2011,1
800.91003,.82867134,2012,4.7904763,,0,782,2011,2011,1
800.91003,.82867134,2013,4.3928571,.0099999998,.0099999998,782,2011,2011,1
778.14038,.64310956,2009,4.1460977,,0,783,2011,2011,1
778.14038,.64310956,2010,4.3290944,,0,783,2011,2011,1
778.14038,.64310956,2011,4.1157408,8.1000004,8.1000004,783,2011,2011,1
778.14038,.64310956,2012,4.7942462,,0,783,2011,2011,1
778.14038,.64310956,2013,4.3611112,6.8299999,6.8299999,783,2011,2011,1
351.30966,.40242058,2009,3.4043651,,0,784,2011,2011,1
351.30966,.40242058,2010,3.5617785,,0,784,2011,2011,1
351.30966,.40242058,2011,4.5902777,.19,.19,784,2011,2011,1
351.30966,.40242058,2012,3.926389,,0,784,2011,2011,1
351.30966,.40242058,2013,3.5333333,1.1799999,1.1799999,784,2011,2011,1
955.56055,.83566433,2009,4.2519841,,0,785,2011,2011,1
955.56055,.83566433,2010,4.7125001,,0,785,2011,2011,1
955.56055,.83566433,2011,4.8703704,4.0700002,4.0700002,785,2011,2011,1
955.56055,.83566433,2012,5.3384919,,0,785,2011,2011,1
955.56055,.83566433,2013,4.8611112,0,0,785,2011,2011,1
1056.8096,.48698884,2009,3.2863095,,0,786,2011,2011,1
1056.8096,.48698884,2010,3.5748677,,0,786,2011,2011,1
1056.8096,.48698884,2011,3.8680556,.059999999,.059999999,786,2011,2011,1
1056.8096,.48698884,2012,3.8892677,,0,786,2011,2011,1
1056.8096,.48698884,2013,3.6666667,0,0,786,2011,2011,1
1366.0718,.69565219,2009,3.3732142,,0,787,2011,2011,1
1366.0718,.69565219,2010,3.6375661,,0,787,2011,2011,1
1366.0718,.69565219,2011,4.6640215,.0099999998,.0099999998,787,2011,2011,1
1366.0718,.69565219,2012,4.1488094,,0,787,2011,2011,1
1366.0718,.69565219,2013,3.5833333,.0099999998,.0099999998,787,2011,2011,1
1304.9714,.71311474,2009,3.7793651,,0,788,2011,2011,1
1304.9714,.71311474,2010,4.1986113,,0,788,2011,2011,1
1304.9714,.71311474,2011,3.8148148,.82999998,.82999998,788,2011,2011,1
1304.9714,.71311474,2012,4.5708332,,0,788,2011,2011,1
1304.9714,.71311474,2013,3.7111111,0,0,788,2011,2011,1
1278.5167,.76271188,2009,3.8711641,,0,789,2011,2011,1
1278.5167,.76271188,2010,4.4818783,,0,789,2011,2011,1
1278.5167,.76271188,2011,4.0949073,10.74,10.74,789,2011,2011,1
1278.5167,.76271188,2012,4.6857142,,0,789,2011,2011,1
1278.5167,.76271188,2013,4.0555553,0,0,789,2011,2011,1
1641.1758,.77987421,2009,4.4338622,,0,790,2011,2011,1
1641.1758,.77987421,2010,5.1481481,,0,790,2011,2011,1
1641.1758,.77987421,2011,5.0694447,12.51,12.51,790,2011,2011,1
1641.1758,.77987421,2012,5.6759257,,0,790,2011,2011,1
1641.1758,.77987421,2013,4.2111111,0,0,790,2011,2011,1
1504.6023,.83236992,2009,4.7136245,,0,791,2011,2011,1
1504.6023,.83236992,2010,5.0495367,,0,791,2011,2011,1
1504.6023,.83236992,2011,4.6005292,5.25,5.25,791,2011,2011,1
1504.6023,.83236992,2012,5.5111113,,0,791,2011,2011,1
1504.6023,.83236992,2013,4.1666665,0,0,791,2011,2011,1
868.52484,.49843261,2009,3.3150795,,0,792,2011,2011,1
868.52484,.49843261,2010,3.7467592,,0,792,2011,2011,1
868.52484,.49843261,2011,3.8402777,.58999997,.58999997,792,2011,2011,1
868.52484,.49843261,2012,4.1853175,,0,792,2011,2011,1
868.52484,.49843261,2013,3.6666667,0,0,792,2011,2011,1
891.23419,.63805968,2009,3.9767196,,0,793,2011,2011,1
891.23419,.63805968,2010,4.1214285,,0,793,2011,2011,1
891.23419,.63805968,2011,4.5625,4.52,4.52,793,2011,2011,1
891.23419,.63805968,2012,4.867857,,0,793,2011,2011,1
891.23419,.63805968,2013,3.9333334,0,0,793,2011,2011,1
1771.6527,.88957053,2009,4.8817458,,0,794,2011,2011,1
1771.6527,.88957053,2010,5.3026457,,0,794,2011,2011,1
1771.6527,.88957053,2011,5.0787039,22.870001,22.870001,794,2011,2011,1
1771.6527,.88957053,2012,6.0388889,,0,794,2011,2011,1
1771.6527,.88957053,2013,4.6388888,0,0,794,2011,2011,1
2373.0112,.87951809,2009,7.2857141,,0,795,2011,2011,1
2373.0112,.87951809,2010,9.1410055,,0,795,2011,2011,1
2373.0112,.87951809,2011,9.5825071,13.43,13.43,795,2011,2011,1
2373.0112,.87951809,2012,13.224224,,0,795,2011,2011,1
2373.0112,.87951809,2013,8.5,0,0,795,2011,2011,1
356598,,2009,12.609524,,0,796,2011,2011,1
356598,,2010,13.412699,,0,796,2011,2011,1
356598,,2011,7.0162039,2.1199999,2.1199999,796,2011,2011,1
356598,,2012,9.5138893,,0,796,2011,2011,1
356598,,2013,6.1944447,0,0,796,2011,2011,1
896.96124,.49027237,2009,4.6066799,,0,797,2011,2011,1
896.96124,.49027237,2010,4.7396164,,0,797,2011,2011,1
896.96124,.49027237,2011,4.8849206,4.3200002,4.3200002,797,2011,2011,1
896.96124,.49027237,2012,5.4230161,,0,797,2011,2011,1
896.96124,.49027237,2013,4.6404042,0,0,797,2011,2011,1
643.30792,.53191489,2009,3.925,,0,798,2011,2011,1
643.30792,.53191489,2010,4.063889,,0,798,2011,2011,1
643.30792,.53191489,2011,4.5644841,2.0899999,2.0899999,798,2011,2011,1
643.30792,.53191489,2012,4.65377,,0,798,2011,2011,1
643.30792,.53191489,2013,3.9840908,0,0,798,2011,2011,1
3548.8333,.80281693,2009,5.5370369,,0,920,2012,2012,1
3548.8333,.80281693,2010,4.9750662,,0,920,2012,2012,1
3548.8333,.80281693,2011,5.665278,,0,920,2012,2012,1
3548.8333,.80281693,2012,5.8164682,.0099999998,.0099999998,920,2012,2012,1
3548.8333,.80281693,2013,4,0,0,920,2012,2012,1
680.57819,.40412372,2009,5.4472222,,0,929,2012,2012,1
680.57819,.40412372,2010,3.8511364,,0,929,2012,2012,1
680.57819,.40412372,2011,5.2037039,,0,929,2012,2012,1
680.57819,.40412372,2012,4.8156567,.02,.02,929,2012,2012,1
680.57819,.40412372,2013,3.4000001,0,0,929,2012,2012,1
2482.9019,.81818181,2009,5.0092592,,0,930,2012,2012,1
2482.9019,.81818181,2010,4.8648148,,0,930,2012,2012,1
2482.9019,.81818181,2011,4.3918648,,0,930,2012,2012,1
2482.9019,.81818181,2012,5.4255052,.56,.56,930,2012,2012,1
2482.9019,.81818181,2013,4.7272725,1.13,1.13,930,2012,2012,1
1389.3875,.66315788,2009,4.9927249,,0,931,2012,2012,1
1389.3875,.66315788,2010,4.617857,,0,931,2012,2012,1
1389.3875,.66315788,2011,4.2268519,,0,931,2012,2012,1
1389.3875,.66315788,2012,5.1070347,.14,.14,931,2012,2012,1
1389.3875,.66315788,2013,4.5833335,.47,.47,931,2012,2012,1
1175.1172,.63865548,2009,5.9186506,,0,932,2012,2012,1
1175.1172,.63865548,2010,5.376389,,0,932,2012,2012,1
1175.1172,.63865548,2011,5.4490743,,0,932,2012,2012,1
1175.1172,.63865548,2012,5.8154764,1.5700001,1.5700001,932,2012,2012,1
1175.1172,.63865548,2013,5.0769229,3.4100001,3.4100001,932,2012,2012,1
1178.2987,.60869563,2009,5.1180553,,0,933,0,,0
1178.2987,.60869563,2010,4.4396825,,0,933,0,,0
1178.2987,.60869563,2011,4.1018519,,0,933,0,,0
1178.2987,.60869563,2012,4.9138889,0,0,933,0,,0
1178.2987,.60869563,2013,4.1538463,1.46,1.46,933,0,,0
6709.1777,.95454544,2009,8.8941803,,0,934,2012,2012,1
6709.1777,.95454544,2010,7.4833336,,0,934,2012,2012,1
6709.1777,.95454544,2011,7.5745373,,0,934,2012,2012,1
6709.1777,.95454544,2012,8.1599932,.18000001,.18000001,934,2012,2012,1
6709.1777,.95454544,2013,7.6153846,2.8,2.8,934,2012,2012,1
1426.9874,.73885351,2009,7.1861773,,0,935,2012,2012,1
1426.9874,.73885351,2010,5.9510584,,0,935,2012,2012,1
1426.9874,.73885351,2011,6.001852,,0,935,2012,2012,1
1426.9874,.73885351,2012,5.946753,.07,.07,935,2012,2012,1
1426.9874,.73885351,2013,5.0769229,3.1700001,3.1700001,935,2012,2012,1
1789.3976,.83132529,2009,7.9907408,,0,936,2012,2012,1
1789.3976,.83132529,2010,7.0598545,,0,936,2012,2012,1
1789.3976,.83132529,2011,7.516468,,0,936,2012,2012,1
1789.3976,.83132529,2012,8.1324015,.19,.19,936,2012,2012,1
1789.3976,.83132529,2013,6.6410255,.73000002,.73000002,936,2012,2012,1
1432.8268,.75842696,2009,6.1454368,,0,937,2012,2012,1
1432.8268,.75842696,2010,5.3666668,,0,937,2012,2012,1
1432.8268,.75842696,2011,5.9294972,,0,937,2012,2012,1
1432.8268,.75842696,2012,5.7935786,.69999999,.69999999,937,2012,2012,1
1432.8268,.75842696,2013,5.0769229,3.28,3.28,937,2012,2012,1
1684.3772,.89080459,2009,7.1646824,,0,938,2012,2012,1
1684.3772,.89080459,2010,6.2444444,,0,938,2012,2012,1
1684.3772,.89080459,2011,6.5731483,,0,938,2012,2012,1
1684.3772,.89080459,2012,6.5087299,.14,.14,938,2012,2012,1
1684.3772,.89080459,2013,5.6153846,.52999997,.52999997,938,2012,2012,1
1083.4056,.52132702,2009,4.635582,,0,939,0,,0
1083.4056,.52132702,2010,3.9147816,,0,939,0,,0
1083.4056,.52132702,2011,4.0648146,,0,939,0,,0
1083.4056,.52132702,2012,4.412879,0,0,939,0,,0
1083.4056,.52132702,2013,3.8461537,.16,.16,939,0,,0
635.32214,.36597937,2009,4.0202379,,0,940,2012,2012,1
635.32214,.36597937,2010,3.574074,,0,940,2012,2012,1
635.32214,.36597937,2011,4.1606483,,0,940,2012,2012,1
635.32214,.36597937,2012,4.3011365,.02,.02,940,2012,2012,1
635.32214,.36597937,2013,3.6923077,0,0,940,2012,2012,1
2234.6316,.85585588,2009,7.573545,,0,946,2012,2012,1
2234.6316,.85585588,2010,6.825397,,0,946,2012,2012,1
2234.6316,.85585588,2011,7.0995369,,0,946,2012,2012,1
2234.6316,.85585588,2012,6.8773627,.1,.1,946,2012,2012,1
2234.6316,.85585588,2013,6.1666665,0,0,946,2012,2012,1
1875.1812,.83823532,2009,7.209722,,0,948,2012,2012,1
1875.1812,.83823532,2010,6.6210318,,0,948,2012,2012,1
1875.1812,.83823532,2011,6.936111,,0,948,2012,2012,1
1875.1812,.83823532,2012,6.7545094,.02,.02,948,2012,2012,1
1875.1812,.83823532,2013,5.9166665,0,0,948,2012,2012,1
2969.0125,.88749999,2009,14.440741,,0,949,2012,2012,1
2969.0125,.88749999,2010,12.616899,,0,949,2012,2012,1
2969.0125,.88749999,2011,12.338955,,0,949,2012,2012,1
2969.0125,.88749999,2012,13.137383,.090000004,.090000004,949,2012,2012,1
2969.0125,.88749999,2013,12.198718,0,0,949,2012,2012,1
2142.4597,.88617885,2009,7.0990744,,0,955,2012,2012,1
2142.4597,.88617885,2010,5.7396827,,0,955,2012,2012,1
2142.4597,.88617885,2011,6.3310184,,0,955,2012,2012,1
2142.4597,.88617885,2012,6.8959236,.5,.5,955,2012,2012,1
2142.4597,.88617885,2013,5.5454545,0,0,955,2012,2012,1
1582.2169,.72289157,2009,7.2800927,,0,956,2012,2012,1
1582.2169,.72289157,2010,6.1447749,,0,956,2012,2012,1
1582.2169,.72289157,2011,6.9229498,,0,956,2012,2012,1
1582.2169,.72289157,2012,6.9745255,.02,.02,956,2012,2012,1
1582.2169,.72289157,2013,5.6363635,0,0,956,2012,2012,1
245.28706,.10970797,2009,3.9963624,,0,957,2012,2012,1
245.28706,.10970797,2010,3.3542328,,0,957,2012,2012,1
245.28706,.10970797,2011,3.8835318,,0,957,2012,2012,1
245.28706,.10970797,2012,4.1162262,.0099999998,.0099999998,957,2012,2012,1
245.28706,.10970797,2013,3.4166667,0,0,957,2012,2012,1
305.42322,.13779129,2009,3.9160714,,0,958,2012,2012,1
305.42322,.13779129,2010,3.2916667,,0,958,2012,2012,1
305.42322,.13779129,2011,3.9837964,,0,958,2012,2012,1
305.42322,.13779129,2012,4.2034092,.0099999998,.0099999998,958,2012,2012,1
305.42322,.13779129,2013,3.25,0,0,958,2012,2012,1
4331.459,.93220341,2009,15.210185,,0,959,2012,2012,1
4331.459,.93220341,2010,12.766137,,0,959,2012,2012,1
4331.459,.93220341,2011,12.134259,,0,959,2012,2012,1
4331.459,.93220341,2012,12.748377,1.62,1.62,959,2012,2012,1
4331.459,.93220341,2013,12.083333,2.0799999,2.0799999,959,2012,2012,1
2545.7834,.93333334,2009,23.52037,,0,960,2012,2012,1
2545.7834,.93333334,2010,19.81875,,0,960,2012,2012,1
2545.7834,.93333334,2011,16.963459,,0,960,2012,2012,1
2545.7834,.93333334,2012,16.976822,.090000004,.090000004,960,2012,2012,1
2545.7834,.93333334,2013,16.038462,0,0,960,2012,2012,1
2552.0125,.91250002,2009,10.948843,,0,961,2012,2012,1
2552.0125,.91250002,2010,10.070833,,0,961,2012,2012,1
2552.0125,.91250002,2011,11.286343,,0,961,2012,2012,1
2552.0125,.91250002,2012,11.849928,4.4099998,4.4099998,961,2012,2012,1
2552.0125,.91250002,2013,10.25,7.1199999,7.1199999,961,2012,2012,1
3368.7046,.98837209,2009,7.7330027,,0,962,2012,2012,1
3368.7046,.98837209,2010,6.9353175,,0,962,2012,2012,1
3368.7046,.98837209,2011,7.6208992,,0,962,2012,2012,1
3368.7046,.98837209,2012,8.1700335,5.1300001,5.1300001,962,2012,2012,1
3368.7046,.98837209,2013,7.25,9.1099997,9.1099997,962,2012,2012,1
2476.2744,.74000001,2009,6.561111,,0,963,2012,2012,1
2476.2744,.74000001,2010,5.5888886,,0,963,2012,2012,1
2476.2744,.74000001,2011,5.5800924,,0,963,2012,2012,1
2476.2744,.74000001,2012,6.3169193,.079999998,.079999998,963,2012,2012,1
2476.2744,.74000001,2013,5.090909,.22,.22,963,2012,2012,1
3759.9473,.77659577,2009,7.189815,,0,964,2012,2012,1
3759.9473,.77659577,2010,6.3518519,,0,964,2012,2012,1
3759.9473,.77659577,2011,6.6396828,,0,964,2012,2012,1
3759.9473,.77659577,2012,7.2416124,2.0799999,2.0799999,964,2012,2012,1
3759.9473,.77659577,2013,6.5833335,2.6700001,2.6700001,964,2012,2012,1
6119.3555,.97777778,2009,11.261045,,0,966,2012,2012,1
6119.3555,.97777778,2010,9.7288361,,0,966,2012,2012,1
6119.3555,.97777778,2011,9.3712959,,0,966,2012,2012,1
6119.3555,.97777778,2012,10.314331,3.8699999,3.8699999,966,2012,2012,1
6119.3555,.97777778,2013,10.181818,3.1900001,3.1900001,966,2012,2012,1
8093.4287,1,2009,15.805555,,0,968,2012,2012,1
8093.4287,1,2010,14.266666,,0,968,2012,2012,1
8093.4287,1,2011,14.627315,,0,968,2012,2012,1
8093.4287,1,2012,14.701388,.86000001,.86000001,968,2012,2012,1
8093.4287,1,2013,14.545455,.17,.17,968,2012,2012,1
5996.5801,1,2009,7.021131,,0,972,2012,2012,1
5996.5801,1,2010,6.4124999,,0,972,2012,2012,1
5996.5801,1,2011,6.8730159,,0,972,2012,2012,1
5996.5801,1,2012,7.4234009,.19,.19,972,2012,2012,1
5996.5801,1,2013,7.0999999,0,0,972,2012,2012,1
6088.7046,1,2009,9.2146168,,0,973,2012,2012,1
6088.7046,1,2010,8.4299965,,0,973,2012,2012,1
6088.7046,1,2011,10.154762,,0,973,2012,2012,1
6088.7046,1,2012,9.5170031,.15000001,.15000001,973,2012,2012,1
6088.7046,1,2013,9.5,0,0,973,2012,2012,1
6031.2729,1,2009,10.067989,,0,974,2012,2012,1
6031.2729,1,2010,9.4011726,,0,974,2012,2012,1
6031.2729,1,2011,9.9122028,,0,974,2012,2012,1
6031.2729,1,2012,10.93278,.050000001,.050000001,974,2012,2012,1
6031.2729,1,2013,12,0,0,974,2012,2012,1
4542.6138,.97727275,2009,14.49537,,0,983,2012,2012,1
4542.6138,.97727275,2010,13.243462,,0,983,2012,2012,1
4542.6138,.97727275,2011,12.037037,,0,983,2012,2012,1
4542.6138,.97727275,2012,11.827705,1.11,1.11,983,2012,2012,1
4542.6138,.97727275,2013,13.833334,0,0,983,2012,2012,1
5070.0981,.98039216,2009,12.156548,,0,984,2012,2012,1
5070.0981,.98039216,2010,10.622475,,0,984,2012,2012,1
5070.0981,.98039216,2011,10.48049,,0,984,2012,2012,1
5070.0981,.98039216,2012,10.954365,2,2,984,2012,2012,1
5070.0981,.98039216,2013,11.2,0,0,984,2012,2012,1
4582.7998,1,2009,9.2240744,,0,985,2012,2012,1
4582.7998,1,2010,8.7226734,,0,985,2012,2012,1
4582.7998,1,2011,9.1592588,,0,985,2012,2012,1
4582.7998,1,2012,9.5923519,.079999998,.079999998,985,2012,2012,1
4582.7998,1,2013,9.1000004,0,0,985,2012,2012,1
5876.5498,1,2009,9.7888889,,0,986,2012,2012,1
5876.5498,1,2010,8.9979706,,0,986,2012,2012,1
5876.5498,1,2011,8.984127,,0,986,2012,2012,1
5876.5498,1,2012,9.6828041,.18000001,.18000001,986,2012,2012,1
5876.5498,1,2013,9.6000004,0,0,986,2012,2012,1
10752.45,1,2009,7.8416667,,0,987,2012,2012,1
10752.45,1,2010,7.2760644,,0,987,2012,2012,1
10752.45,1,2011,7.5565476,,0,987,2012,2012,1
10752.45,1,2012,7.7777777,.18000001,.18000001,987,2012,2012,1
10752.45,1,2013,7.5,0,0,987,2012,2012,1
11655.08,1,2009,8.8389549,,0,988,2012,2012,1
11655.08,1,2010,8.0296717,,0,988,2012,2012,1
11655.08,1,2011,8.4943781,,0,988,2012,2012,1
11655.08,1,2012,9.2446795,.18000001,.18000001,988,2012,2012,1
11655.08,1,2013,9.909091,0,0,988,2012,2012,1
4393.5938,.96875,2009,10.560846,,0,989,2012,2012,1
4393.5938,.96875,2010,9.3177404,,0,989,2012,2012,1
4393.5938,.96875,2011,9.1655092,,0,989,2012,2012,1
4393.5938,.96875,2012,9.3188133,.89999998,.89999998,989,2012,2012,1
4393.5938,.96875,2013,9.1999998,0,0,989,2012,2012,1
7013.4873,1,2009,11.658069,,0,990,2012,2012,1
7013.4873,1,2010,10.809254,,0,990,2012,2012,1
7013.4873,1,2011,11.409722,,0,990,2012,2012,1
7013.4873,1,2012,11.537914,.2,.2,990,2012,2012,1
7013.4873,1,2013,10.7,0,0,990,2012,2012,1
7047.0269,1,2009,11.322751,,0,991,2012,2012,1
7047.0269,1,2010,9.9226189,,0,991,2012,2012,1
7047.0269,1,2011,10.087963,,0,991,2012,2012,1
7047.0269,1,2012,9.8916664,3.9300001,3.9300001,991,2012,2012,1
7047.0269,1,2013,11.4,0,0,991,2012,2012,1
3401.6267,.93333334,2009,7.7414021,,0,992,2012,2012,1
3401.6267,.93333334,2010,7.4279885,,0,992,2012,2012,1
3401.6267,.93333334,2011,7.8974867,,0,992,2012,2012,1
3401.6267,.93333334,2012,7.9871483,1,1,992,2012,2012,1
3401.6267,.93333334,2013,7.8000002,0,0,992,2012,2012,1
4074.2813,.92063493,2009,9.5956345,,0,995,2012,2012,1
4074.2813,.92063493,2010,8.2600832,,0,995,2012,2012,1
4074.2813,.92063493,2011,7.8363094,,0,995,2012,2012,1
4074.2813,.92063493,2012,8.0528202,.13,.13,995,2012,2012,1
4074.2813,.92063493,2013,7.6999998,0,0,995,2012,2012,1
1958.3309,.61971831,2009,6.53373,,0,996,2012,2012,1
1958.3309,.61971831,2010,4.960516,,0,996,2012,2012,1
1958.3309,.61971831,2011,5.6828704,,0,996,2012,2012,1
1958.3309,.61971831,2012,5.4564815,.0099999998,.0099999998,996,2012,2012,1
1958.3309,.61971831,2013,4.5,0,0,996,2012,2012,1
3288.1123,.86734694,2009,7.9606481,,0,997,0,,0
3288.1123,.86734694,2010,6.9861112,,0,997,0,,0
3288.1123,.86734694,2011,6.9642196,,0,997,0,,0
3288.1123,.86734694,2012,7.5618687,0,0,997,0,,0
3288.1123,.86734694,2013,6.5999999,.30000001,.30000001,997,0,,0
3825.3796,.94871795,2009,9.0403442,,0,999,0,,0
3825.3796,.94871795,2010,7.9921956,,0,999,0,,0
3825.3796,.94871795,2011,7.8351851,,0,999,0,,0
3825.3796,.94871795,2012,8.4061451,0,0,999,0,,0
3825.3796,.94871795,2013,7.7272725,.02,.02,999,0,,0
2919.6528,.8888889,2009,14.062169,,0,1000,2012,2012,1
2919.6528,.8888889,2010,12.814947,,0,1000,2012,2012,1
2919.6528,.8888889,2011,11.419908,,0,1000,2012,2012,1
2919.6528,.8888889,2012,12.22791,.31999999,.31999999,1000,2012,2012,1
2919.6528,.8888889,2013,11.909091,0,0,1000,2012,2012,1
3679.4927,.78260869,2009,10.485946,,0,1001,2012,2012,1
3679.4927,.78260869,2010,8.8362103,,0,1001,2012,2012,1
3679.4927,.78260869,2011,8.6263227,,0,1001,2012,2012,1
3679.4927,.78260869,2012,9.4481478,3.3,3.3,1001,2012,2012,1
3679.4927,.78260869,2013,8.909091,0,0,1001,2012,2012,1
2654.3958,.9375,2009,10.376158,,0,1002,2012,2012,1
2654.3958,.9375,2010,8.9076385,,0,1002,2012,2012,1
2654.3958,.9375,2011,9.1560183,,0,1002,2012,2012,1
2654.3958,.9375,2012,9.8301773,.44,.44,1002,2012,2012,1
2654.3958,.9375,2013,9.818182,0,0,1002,2012,2012,1
2323.4756,.83950615,2009,8.8773146,,0,1003,2012,2012,1
2323.4756,.83950615,2010,7.2664022,,0,1003,2012,2012,1
2323.4756,.83950615,2011,7.5625663,,0,1003,2012,2012,1
2323.4756,.83950615,2012,8.2723064,.059999999,.059999999,1003,2012,2012,1
2323.4756,.83950615,2013,7.9000001,0,0,1003,2012,2012,1
4244.8643,.96610171,2009,13.068783,,0,1015,0,,0
4244.8643,.96610171,2010,10.630622,,0,1015,0,,0
4244.8643,.96610171,2011,10.760582,,0,1015,0,,0
4244.8643,.96610171,2012,11.817461,0,0,1015,0,,0
4244.8643,.96610171,2013,10.818182,1.35,1.35,1015,0,,0
7765.2939,.90625,2009,17.869114,,0,1016,0,,0
7765.2939,.90625,2010,16.00172,,0,1016,0,,0
7765.2939,.90625,2011,17.927547,,0,1016,0,,0
7765.2939,.90625,2012,18.41114,0,0,1016,0,,0
7765.2939,.90625,2013,17.545454,.60000002,.60000002,1016,0,,0
7403.4287,1,2009,13.057804,,0,1017,0,,0
7403.4287,1,2010,10.922454,,0,1017,0,,0
7403.4287,1,2011,13.191667,,0,1017,0,,0
7403.4287,1,2012,12.687049,0,0,1017,0,,0
7403.4287,1,2013,12.136363,.029999999,.029999999,1017,0,,0
8620.5186,.96296299,2009,9.5725527,,0,1021,2012,2012,1
8620.5186,.96296299,2010,8.4240742,,0,1021,2012,2012,1
8620.5186,.96296299,2011,8.7611113,,0,1021,2012,2012,1
8620.5186,.96296299,2012,10.094048,2.0599999,2.0599999,1021,2012,2012,1
8620.5186,.96296299,2013,9.5,13.99,13.99,1021,2012,2012,1
4163.2651,.97959185,2009,8.5226851,,0,1022,2012,2012,1
4163.2651,.97959185,2010,7.5056219,,0,1022,2012,2012,1
4163.2651,.97959185,2011,8.665741,,0,1022,2012,2012,1
4163.2651,.97959185,2012,9.0287037,.5,.5,1022,2012,2012,1
4163.2651,.97959185,2013,8.1000004,7.6500001,7.6500001,1022,2012,2012,1
7969.3716,.97142857,2009,11.60926,,0,1025,2012,2012,1
7969.3716,.97142857,2010,10.803241,,0,1025,2012,2012,1
7969.3716,.97142857,2011,10.988426,,0,1025,2012,2012,1
7969.3716,.97142857,2012,12.095598,.15000001,.15000001,1025,2012,2012,1
7969.3716,.97142857,2013,11.3,.79000002,.79000002,1025,2012,2012,1
2412.4824,.95614034,2009,6.4532466,,0,1032,2012,2012,1
2412.4824,.95614034,2010,5.1426587,,0,1032,2012,2012,1
2412.4824,.95614034,2011,5.2962961,,0,1032,2012,2012,1
2412.4824,.95614034,2012,5.9702382,.02,.02,1032,2012,2012,1
2412.4824,.95614034,2013,5,.0099999998,.0099999998,1032,2012,2012,1
5070.9121,1,2009,8.8931875,,0,1033,2012,2012,1
5070.9121,1,2010,7.6683202,,0,1033,2012,2012,1
5070.9121,1,2011,7.5074072,,0,1033,2012,2012,1
5070.9121,1,2012,8.5247469,11.77,11.77,1033,2012,2012,1
5070.9121,1,2013,8,13.52,13.52,1033,2012,2012,1
4254.1001,.97142857,2009,8.6122684,,0,1034,2012,2012,1
4254.1001,.97142857,2010,7.3055553,,0,1034,2012,2012,1
4254.1001,.97142857,2011,7.652513,,0,1034,2012,2012,1
4254.1001,.97142857,2012,8.3428268,3.8800001,3.8800001,1034,2012,2012,1
4254.1001,.97142857,2013,7.4000001,1.14,1.14,1034,2012,2012,1
41340.832,1,2009,9.488657,,0,1035,2012,2012,1
41340.832,1,2010,9.6863756,,0,1035,2012,2012,1
41340.832,1,2011,11.548115,,0,1035,2012,2012,1
41340.832,1,2012,13.782408,10.26,10.26,1035,2012,2012,1
41340.832,1,2013,14.583334,20.879999,20.879999,1035,2012,2012,1
3209.52,1,2009,10.087963,,0,1036,2012,2012,1
3209.52,1,2010,8.2384262,,0,1036,2012,2012,1
3209.52,1,2011,8.1690474,,0,1036,2012,2012,1
3209.52,1,2012,9.4546299,19.58,19.58,1036,2012,2012,1
3209.52,1,2013,8.333333,2.5599999,2.5599999,1036,2012,2012,1
15020.409,1,2009,9.7754631,,0,1037,2012,2012,1
15020.409,1,2010,8.6740742,,0,1037,2012,2012,1
15020.409,1,2011,8.6920633,,0,1037,2012,2012,1
15020.409,1,2012,10.009596,25.33,25.33,1037,2012,2012,1
15020.409,1,2013,9.625,10.49,10.49,1037,2012,2012,1
3231.1978,.91764706,2009,7.3691077,,0,1038,2012,2012,1
3231.1978,.91764706,2010,5.9009256,,0,1038,2012,2012,1
3231.1978,.91764706,2011,6.0983467,,0,1038,2012,2012,1
3231.1978,.91764706,2012,7.0981483,2.0999999,2.0999999,1038,2012,2012,1
3231.1978,.91764706,2013,5.8000002,1.03,1.03,1038,2012,2012,1
2815.8982,.87850469,2009,7.5559525,,0,1039,2012,2012,1
2815.8982,.87850469,2010,6.279233,,0,1039,2012,2012,1
2815.8982,.87850469,2011,6.2699075,,0,1039,2012,2012,1
2815.8982,.87850469,2012,7.4291668,4.9899998,4.9899998,1039,2012,2012,1
2815.8982,.87850469,2013,6.1111112,3.1099999,3.1099999,1039,2012,2012,1
2481.053,.8125,2009,5.9986773,,0,1040,2012,2012,1
2481.053,.8125,2010,4.9928451,,0,1040,2012,2012,1
2481.053,.8125,2011,5.1449075,,0,1040,2012,2012,1
2481.053,.8125,2012,5.8132033,.029999999,.029999999,1040,2012,2012,1
2481.053,.8125,2013,4.8888888,0,0,1040,2012,2012,1
3201.0879,.84269661,2009,4.9392195,,0,1041,0,,0
3201.0879,.84269661,2010,4.7407408,,0,1041,0,,0
3201.0879,.84269661,2011,4.897222,,0,1041,0,,0
3201.0879,.84269661,2012,5.3978357,0,0,1041,0,,0
3201.0879,.84269661,2013,4,.57999998,.57999998,1041,0,,0
4964.9482,.89655173,2009,9.2990742,,0,1043,2012,2012,1
4964.9482,.89655173,2010,7.7742062,,0,1043,2012,2012,1
4964.9482,.89655173,2011,7.414021,,0,1043,2012,2012,1
4964.9482,.89655173,2012,8.4656744,7.71,7.71,1043,2012,2012,1
4964.9482,.89655173,2013,8.25,1.03,1.03,1043,2012,2012,1
2173.5508,.90677965,2009,6.2731061,,0,1044,2012,2012,1
2173.5508,.90677965,2010,5.1004391,,0,1044,2012,2012,1
2173.5508,.90677965,2011,5.2184525,,0,1044,2012,2012,1
2173.5508,.90677965,2012,5.5833335,.70999998,.70999998,1044,2012,2012,1
2173.5508,.90677965,2013,4.625,0,0,1044,2012,2012,1
4679.9712,.9710145,2009,13.253439,,0,1045,2012,2012,1
4679.9712,.9710145,2010,11.181878,,0,1045,2012,2012,1
4679.9712,.9710145,2011,10.969643,,0,1045,2012,2012,1
4679.9712,.9710145,2012,11.529437,2.9100001,2.9100001,1045,2012,2012,1
4679.9712,.9710145,2013,11,0,0,1045,2012,2012,1
2513.291,.87272727,2009,8.5268517,,0,1048,2012,2012,1
2513.291,.87272727,2010,7.5055556,,0,1048,2012,2012,1
2513.291,.87272727,2011,8.2787695,,0,1048,2012,2012,1
2513.291,.87272727,2012,9.4173403,3.9100001,3.9100001,1048,2012,2012,1
2513.291,.87272727,2013,7.875,.25,.25,1048,2012,2012,1
2256.3308,.7647059,2009,7.0112433,,0,1049,2012,2012,1
2256.3308,.7647059,2010,6.5082011,,0,1049,2012,2012,1
2256.3308,.7647059,2011,7.0720239,,0,1049,2012,2012,1
2256.3308,.7647059,2012,7.543098,4.5599999,4.5599999,1049,2012,2012,1
2256.3308,.7647059,2013,7.125,.2,.2,1049,2012,2012,1
1547.3218,.74111676,2009,6.2933202,,0,1050,2012,2012,1
1547.3218,.74111676,2010,5.0214286,,0,1050,2012,2012,1
1547.3218,.74111676,2011,5.2139549,,0,1050,2012,2012,1
1547.3218,.74111676,2012,5.7666664,4.5799999,4.5799999,1050,2012,2012,1
1547.3218,.74111676,2013,4.7142859,.51999998,.51999998,1050,2012,2012,1
1251.2601,.61434978,2009,5.9400463,,0,1051,2012,2012,1
1251.2601,.61434978,2010,4.9811687,,0,1051,2012,2012,1
1251.2601,.61434978,2011,5.1531744,,0,1051,2012,2012,1
1251.2601,.61434978,2012,5.5370369,.43000001,.43000001,1051,2012,2012,1
1251.2601,.61434978,2013,4.5,0,0,1051,2012,2012,1
1942.8724,.82550335,2009,6.1886573,,0,1052,2012,2012,1
1942.8724,.82550335,2010,5.030724,,0,1052,2012,2012,1
1942.8724,.82550335,2011,5.0946426,,0,1052,2012,2012,1
1942.8724,.82550335,2012,5.5111113,1.42,1.42,1052,2012,2012,1
1942.8724,.82550335,2013,4.625,.029999999,.029999999,1052,2012,2012,1
1955.6104,.751634,2009,9.4908066,,0,1097,2012,2012,1
1955.6104,.751634,2010,8.0128365,,0,1097,2012,2012,1
1955.6104,.751634,2011,8.0498018,,0,1097,2012,2012,1
1955.6104,.751634,2012,8.5798941,1.27,1.27,1097,2012,2012,1
1955.6104,.751634,2013,6.5,0,0,1097,2012,2012,1
1594.193,.82456142,2009,8.0671291,,0,1098,2012,2012,1
1594.193,.82456142,2010,6.63272,,0,1098,2012,2012,1
1594.193,.82456142,2011,6.9085317,,0,1098,2012,2012,1
1594.193,.82456142,2012,7.2585859,2.53,2.53,1098,2012,2012,1
1594.193,.82456142,2013,5.8000002,.34999999,.34999999,1098,2012,2012,1
