population,road,year,nl_med,fl_area,x,constituency_fe,nev_group,nev_group2,treat
1632.6215,.56630826,2009,3.885,0,0,2,0,,0
2408.426,.625,2009,4.2997222,0,0,198,0,,0
1203.6899,.60365856,2009,4.0404763,0,0,205,0,,0
2983.1611,.71186441,2009,3.3975396,0,0,214,0,,0
1890.6901,.54132229,2009,2.9636364,0,0,233,0,,0
1818.0369,.81069958,2009,3.8766668,0,0,235,0,,0
1937.3027,.68400002,2009,3.1794446,0,0,236,0,,0
3641.0408,.97520661,2009,3.1144445,0,0,237,0,,0
1502.8298,.48387095,2011,4.0472941,0,0,370,0,,0
1502.8298,.48387095,2012,5.9012566,,0,370,0,,0
1502.8298,.48387095,2013,6.2815342,0,0,370,0,,0
2805.1941,.42156863,2011,4.0542326,0,0,371,0,,0
2805.1941,.42156863,2012,5.6492062,,0,371,0,,0
2805.1941,.42156863,2013,5.2375002,0,0,371,0,,0
3011.6965,.48598132,2011,5.0732803,0,0,372,0,,0
3011.6965,.48598132,2012,6.5415044,,0,372,0,,0
3011.6965,.48598132,2013,6.8444443,0,0,372,0,,0
2288.6304,.43636364,2011,3.5826118,0,0,374,0,,0
2288.6304,.43636364,2012,5.2914681,,0,374,0,,0
2288.6304,.43636364,2013,5.0749998,0,0,374,0,,0
2459.9126,.46399999,2011,4.1823592,0,0,376,0,,0
2459.9126,.46399999,2012,5.6581531,,0,376,0,,0
2459.9126,.46399999,2013,5.5683713,0,0,376,0,,0
4334.7969,.59016395,2011,4.2027779,0,0,378,0,,0
4334.7969,.59016395,2012,5.4662881,,0,378,0,,0
4334.7969,.59016395,2013,5.2248735,0,0,378,0,,0
3131.5056,.62790698,2011,3.9240742,0,0,379,0,,0
3131.5056,.62790698,2012,4.9694443,,0,379,0,,0
3131.5056,.62790698,2013,4.6558442,0,0,379,0,,0
4479.8833,.61428571,2011,4.3137145,0,0,381,0,,0
4479.8833,.61428571,2012,5.5508747,,0,381,0,,0
4479.8833,.61428571,2013,5.3162427,0,0,381,0,,0
4486.6001,.57575756,2011,4.9014463,0,0,382,0,,0
4486.6001,.57575756,2012,6.3895502,,0,382,0,,0
4486.6001,.57575756,2013,6.1624999,0,0,382,0,,0
2496.0647,.52830189,2011,3.5268519,,,391,0,,0
2496.0647,.52830189,2012,4.4564815,,0,391,0,,0
2496.0647,.52830189,2013,4.1784091,0,0,391,0,,0
3990.1794,.61971831,2011,4.0743384,,,392,0,,0
3990.1794,.61971831,2012,5.1500149,,0,392,0,,0
3990.1794,.61971831,2013,4.8111019,0,0,392,0,,0
2322.2595,.53174603,2011,4.5212965,0,0,393,0,,0
2322.2595,.53174603,2012,5.6732988,,0,393,0,,0
2322.2595,.53174603,2013,5.3412247,0,0,393,0,,0
2504.3516,.76068377,2011,10.815542,0,0,394,0,,0
2504.3516,.76068377,2012,13.357491,,0,394,0,,0
2504.3516,.76068377,2013,11.760417,0,0,394,0,,0
1814.9388,.50837988,2011,5.0314817,0,0,408,0,,0
1814.9388,.50837988,2012,6.8584657,,0,408,0,,0
1814.9388,.50837988,2013,8.3585854,0,0,408,0,,0
4001.103,.44210526,2011,4.0666666,0,0,418,0,,0
4001.103,.44210526,2012,5.4761906,,0,418,0,,0
4001.103,.44210526,2013,5.0996213,0,0,418,0,,0
4699.6777,.1724138,2011,4.3971863,0,0,421,0,,0
4699.6777,.1724138,2012,5.4382396,,0,421,0,,0
4699.6777,.1724138,2013,5.2977271,0,0,421,0,,0
6044.2095,.39393941,2011,4.5141444,0,0,428,0,,0
6044.2095,.39393941,2012,6.0200396,,0,428,0,,0
6044.2095,.39393941,2013,5.3478084,0,0,428,0,,0
7721.9429,.56666666,2011,9.6416664,0,0,455,0,,0
7721.9429,.56666666,2012,12.168254,,0,455,0,,0
7721.9429,.56666666,2013,11.731818,0,0,455,0,,0
7988.3521,.60465115,2011,11.82657,0,0,456,0,,0
7988.3521,.60465115,2012,14.619842,,0,456,0,,0
7988.3521,.60465115,2013,14.284849,0,0,456,0,,0
3312.6436,.5959596,2011,5.998611,0,0,458,0,,0
3312.6436,.5959596,2012,8.0714283,,0,458,0,,0
3312.6436,.5959596,2013,9.0515156,0,0,458,0,,0
39973.145,.5,2011,56.403641,0,0,472,0,,0
39973.145,.5,2012,60.958332,,0,472,0,,0
39973.145,.5,2013,57.981819,0,0,472,0,,0
95568,,2011,55.440067,0,0,477,0,,0
95568,,2012,62.166668,,0,477,0,,0
95568,,2013,59.487877,0,0,477,0,,0
5141.8032,.33333334,2011,3.1476851,0,0,501,0,,0
5141.8032,.33333334,2012,4.125,,0,501,0,,0
5141.8032,.33333334,2013,3.9308081,0,0,501,0,,0
3552.238,.41176471,2011,60.938889,0,0,522,0,,0
3552.238,.41176471,2013,62.200001,0,0,522,0,,0
6441.8945,.37037036,2011,18.236111,0,0,525,0,,0
6441.8945,.37037036,2012,24.140411,,0,525,0,,0
6441.8945,.37037036,2013,23.44981,0,0,525,0,,0
29873.5,.60000002,2011,41.659523,0,0,545,0,,0
29873.5,.60000002,2012,48.935715,,0,545,0,,0
29873.5,.60000002,2013,45.9375,0,0,545,0,,0
2709.6704,.28409091,2011,9.9972219,0,0,547,0,,0
2709.6704,.28409091,2012,13.585185,,0,547,0,,0
2709.6704,.28409091,2013,13.051136,0,0,547,0,,0
2912.0735,.70588237,2011,7.8482804,0,0,548,0,,0
2912.0735,.70588237,2012,10.805456,,0,548,0,,0
2912.0735,.70588237,2013,9.9913425,0,0,548,0,,0
12604.138,.88235295,2011,62.055557,0,0,553,0,,0
12604.138,.88235295,2013,62,0,0,553,0,,0
134172,,2011,61.087879,0,0,558,0,,0
134172,,2012,62.785713,,0,558,0,,0
134172,,2013,59.664772,0,0,558,0,,0
1173.6254,.28859061,2011,5.4582071,0,0,586,0,,0
1173.6254,.28859061,2012,7.2874999,,0,586,0,,0
1173.6254,.28859061,2013,6.9472222,0,0,586,0,,0
441.28018,.17419355,2011,4.6111112,0,0,591,0,,0
441.28018,.17419355,2012,5.8797617,,0,591,0,,0
441.28018,.17419355,2013,6.0416665,0,0,591,0,,0
667.59906,.31850117,2011,5.1151514,0,0,602,0,,0
667.59906,.31850117,2012,6.2174602,,0,602,0,,0
667.59906,.31850117,2013,6.2777777,0,0,602,0,,0
997.78418,.20273973,2011,5,0,0,605,0,,0
997.78418,.20273973,2012,6.2810183,,0,605,0,,0
997.78418,.20273973,2013,6.4742064,0,0,605,0,,0
426.59607,.16363636,2011,4.5484128,0,0,606,0,,0
426.59607,.16363636,2012,5.703824,,0,606,0,,0
426.59607,.16363636,2013,5.367424,0,0,606,0,,0
795.00891,.29596412,2011,3.6500001,0,0,607,0,,0
795.00891,.29596412,2012,4.5097704,,0,607,0,,0
795.00891,.29596412,2013,4.5600963,0,0,607,0,,0
1696.6615,.24736843,2011,4.3166666,0,0,608,0,,0
1696.6615,.24736843,2012,5.3523808,,0,608,0,,0
1696.6615,.24736843,2013,5.2852564,0,0,608,0,,0
1321.3618,.23622048,2011,3.9351852,0,0,610,0,,0
1321.3618,.23622048,2012,4.1636906,,0,610,0,,0
1321.3618,.23622048,2013,4.8293266,0,0,610,0,,0
2306.6978,.25735295,2011,4.1455026,0,0,611,0,,0
2306.6978,.25735295,2012,5.3710318,,0,611,0,,0
2306.6978,.25735295,2013,5.3846593,0,0,611,0,,0
938.82581,.31325302,2011,3.7152777,0,0,612,0,,0
938.82581,.31325302,2012,4.8650193,,0,612,0,,0
938.82581,.31325302,2013,4.754735,0,0,612,0,,0
1080.8807,.4716312,2011,3.9518518,0,0,613,0,,0
1080.8807,.4716312,2012,5.406836,,0,613,0,,0
1080.8807,.4716312,2013,5.1373105,0,0,613,0,,0
1517.9565,.33830845,2011,6.1256614,0,0,614,0,,0
1517.9565,.33830845,2012,6.4791665,,0,614,0,,0
1517.9565,.33830845,2013,7.8537879,0,0,614,0,,0
1135.6478,.33812949,2011,6.3996029,0,0,615,0,,0
1135.6478,.33812949,2012,7.8824315,,0,615,0,,0
1135.6478,.33812949,2013,8.0770836,0,0,615,0,,0
1117.7344,.30819672,2011,7.6793652,0,0,616,0,,0
1117.7344,.30819672,2012,9.6000538,,0,616,0,,0
1117.7344,.30819672,2013,9.0888891,0,0,616,0,,0
734.87262,.30361447,2011,4.8285713,0,0,617,0,,0
734.87262,.30361447,2012,6.1023808,,0,617,0,,0
734.87262,.30361447,2013,5.5472221,0,0,617,0,,0
753.50354,.34606206,2011,4.2856483,0,0,618,0,,0
753.50354,.34606206,2012,5.4728837,,0,618,0,,0
753.50354,.34606206,2013,5.2992425,0,0,618,0,,0
816.40002,.31858408,2011,4.625926,0,0,619,0,,0
816.40002,.31858408,2012,5.483664,,0,619,0,,0
816.40002,.31858408,2013,4.9815474,0,0,619,0,,0
851.44739,.30498534,2011,4.2273808,0,0,620,0,,0
851.44739,.30498534,2012,4.9912701,,0,620,0,,0
851.44739,.30498534,2013,5.1166668,0,0,620,0,,0
1444.2489,.26363635,2011,7.2166429,0,0,621,0,,0
1444.2489,.26363635,2012,9.4785719,,0,621,0,,0
1444.2489,.26363635,2013,7.875,0,0,621,0,,0
1049.7341,.2248996,2011,7.3555555,0,0,622,0,,0
1049.7341,.2248996,2012,9.1058445,,0,622,0,,0
1049.7341,.2248996,2013,8.2027779,0,0,622,0,,0
988.23547,.18960245,2011,5.058712,0,0,623,0,,0
988.23547,.18960245,2012,6.5380411,,0,623,0,,0
988.23547,.18960245,2013,6.3138885,0,0,623,0,,0
1533.4161,.29069766,2011,4.7963204,0,0,624,0,,0
1533.4161,.29069766,2012,5.9818783,,0,624,0,,0
1533.4161,.29069766,2013,5.7125001,0,0,624,0,,0
1213.0748,.29133859,2011,5.5471139,0,0,625,0,,0
1213.0748,.29133859,2012,6.9658732,,0,625,0,,0
1213.0748,.29133859,2013,6.8138885,0,0,625,0,,0
56838.832,.25,2011,37.595108,0,0,629,0,,0
56838.832,.25,2012,50.160065,,0,629,0,,0
56838.832,.25,2013,49.757576,0,0,629,0,,0
11771.896,.80000001,2011,38.886795,0,0,647,0,,0
11771.896,.80000001,2012,43.900795,,0,647,0,,0
11771.896,.80000001,2013,41.025002,0,0,647,0,,0
5767.1274,.40000001,2011,23.02951,0,0,648,0,,0
5767.1274,.40000001,2012,25.866667,,0,648,0,,0
5767.1274,.40000001,2013,23.237499,0,0,648,0,,0
2380.6499,.66371679,2011,14.6307,0,0,652,0,,0
2380.6499,.66371679,2012,17.419643,,0,652,0,,0
2380.6499,.66371679,2013,16.098612,0,0,652,0,,0
948.86169,.55202311,2009,3.2245371,,0,664,0,,0
948.86169,.55202311,2010,3.5165343,,0,664,0,,0
948.86169,.55202311,2011,3.4247684,0,0,664,0,,0
948.86169,.55202311,2012,4.0063491,,0,664,0,,0
948.86169,.55202311,2013,3.6639194,0,0,664,0,,0
1121.3926,.63432837,2009,3.3722222,,0,665,0,,0
1121.3926,.63432837,2010,3.8765874,,0,665,0,,0
1121.3926,.63432837,2011,3.6921296,0,0,665,0,,0
1121.3926,.63432837,2012,4.4883838,,0,665,0,,0
1121.3926,.63432837,2013,4.2875457,0,0,665,0,,0
3334.9753,.58974361,2009,4.9748678,,0,666,0,,0
3334.9753,.58974361,2010,5.9382277,,0,666,0,,0
3334.9753,.58974361,2011,5.5550928,0,0,666,0,,0
3334.9753,.58974361,2012,6.8944445,,0,666,0,,0
3334.9753,.58974361,2013,6.4735041,0,0,666,0,,0
1661.8011,.54970759,2009,4.2141771,,0,667,0,,0
1661.8011,.54970759,2010,4.7606483,,0,667,0,,0
1661.8011,.54970759,2011,4.571528,0,0,667,0,,0
1661.8011,.54970759,2012,5.0570288,,0,667,0,,0
1661.8011,.54970759,2013,5.0547619,0,0,667,0,,0
934.51105,.4952381,2009,3.650084,,0,668,0,,0
934.51105,.4952381,2010,4.0370369,,0,668,0,,0
934.51105,.4952381,2011,3.7453704,0,0,668,0,,0
934.51105,.4952381,2012,4.4923944,,0,668,0,,0
934.51105,.4952381,2013,4.0995116,0,0,668,0,,0
1601.2778,.65909094,2009,4.5845237,,0,669,0,,0
1601.2778,.65909094,2010,5.1753969,,0,669,0,,0
1601.2778,.65909094,2011,5.1157408,0,0,669,0,,0
1601.2778,.65909094,2012,5.8249998,,0,669,0,,0
1601.2778,.65909094,2013,5.15873,0,0,669,0,,0
1709.2754,.75903612,2009,4.1285715,,0,670,0,,0
1709.2754,.75903612,2010,4.5949073,,0,670,0,,0
1709.2754,.75903612,2011,4.2384262,0,0,670,0,,0
1709.2754,.75903612,2012,4.5188074,,0,670,0,,0
1709.2754,.75903612,2013,5.4563489,0,0,670,0,,0
893.01025,.58904111,2009,3.7875662,,0,671,0,,0
893.01025,.58904111,2010,3.8148148,,0,671,0,,0
893.01025,.58904111,2011,3.4525464,0,0,671,0,,0
893.01025,.58904111,2012,3.989989,,0,671,0,,0
893.01025,.58904111,2013,3.8690476,0,0,671,0,,0
890.5509,.75975978,2009,4.5938492,,0,672,0,,0
890.5509,.75975978,2010,4.4120369,,0,672,0,,0
890.5509,.75975978,2011,4.3837962,0,0,672,0,,0
890.5509,.75975978,2012,4.8375664,,0,672,0,,0
890.5509,.75975978,2013,4.4373016,0,0,672,0,,0
1073.8356,.70689654,2009,4.6944447,,0,673,0,,0
1073.8356,.70689654,2010,4.5141835,,0,673,0,,0
1073.8356,.70689654,2011,3.9057541,0,0,673,0,,0
1073.8356,.70689654,2012,4.8488755,,0,673,0,,0
1073.8356,.70689654,2013,4.8995728,0,0,673,0,,0
580.65948,.47463769,2009,4.1786613,,0,677,0,,0
580.65948,.47463769,2010,3.8782408,,0,677,0,,0
580.65948,.47463769,2011,4.2638888,0,0,677,0,,0
580.65948,.47463769,2012,4.3044972,,0,677,0,,0
580.65948,.47463769,2013,3.6944444,0,0,677,0,,0
557.03833,.96767676,2009,3.512037,,0,678,0,,0
557.03833,.96767676,2010,3.488029,,0,678,0,,0
557.03833,.96767676,2011,3.4699073,0,0,678,0,,0
557.03833,.96767676,2012,3.8676047,,0,678,0,,0
557.03833,.96767676,2013,3.6111112,0,0,678,0,,0
1262.5669,.99462366,2009,5.0210319,,0,679,0,,0
1262.5669,.99462366,2010,5.6500001,,0,679,0,,0
1262.5669,.99462366,2011,5.3349538,0,0,679,0,,0
1262.5669,.99462366,2012,6.1784391,,0,679,0,,0
1262.5669,.99462366,2013,5.8214288,0,0,679,0,,0
30909.666,1,2009,22.769047,,0,680,0,,0
30909.666,1,2010,32.711342,,0,680,0,,0
30909.666,1,2011,28.579861,0,0,680,0,,0
30909.666,1,2012,32.920502,,0,680,0,,0
30909.666,1,2013,31.694805,0,0,680,0,,0
473.9389,.92949909,2009,3.7949736,,0,681,0,,0
473.9389,.92949909,2010,3.6396103,,0,681,0,,0
473.9389,.92949909,2011,3.8541667,0,0,681,0,,0
473.9389,.92949909,2012,4.0210319,,0,681,0,,0
473.9389,.92949909,2013,3.5515873,0,0,681,0,,0
443.97134,.66427547,2009,3.8710318,,0,682,0,,0
443.97134,.66427547,2010,3.7455807,,0,682,0,,0
443.97134,.66427547,2011,4.0625,0,0,682,0,,0
443.97134,.66427547,2012,4.0386906,,0,682,0,,0
443.97134,.66427547,2013,3.5515873,0,0,682,0,,0
670.71155,.60385442,2009,4.0258837,,0,683,2011,2011,1
670.71155,.60385442,2010,3.5875001,,0,683,2011,2011,1
670.71155,.60385442,2011,4.15873,.0099999998,.0099999998,683,2011,2011,1
670.71155,.60385442,2012,4.2316918,,0,683,2011,2011,1
670.71155,.60385442,2013,3.6776557,0,0,683,2011,2011,1
876.72064,.83174604,2009,4.2791667,,0,684,2011,2011,1
876.72064,.83174604,2010,3.9820106,,0,684,2011,2011,1
876.72064,.83174604,2011,4.0320435,2.0599999,2.0599999,684,2011,2011,1
876.72064,.83174604,2012,4.8796959,,0,684,2011,2011,1
876.72064,.83174604,2013,4.0598292,.22,.22,684,2011,2011,1
930.02832,.76656151,2009,3.7805555,,0,685,2011,2011,1
930.02832,.76656151,2010,3.8583333,,0,685,2011,2011,1
930.02832,.76656151,2011,3.850992,2.2,2.2,685,2011,2011,1
930.02832,.76656151,2012,4.7238097,,0,685,2011,2011,1
930.02832,.76656151,2013,4.224359,.11,.11,685,2011,2011,1
679.6095,.82849604,2009,3.5618687,,0,686,0,,0
679.6095,.82849604,2010,3.7353175,,0,686,0,,0
679.6095,.82849604,2011,3.465873,0,0,686,0,,0
679.6095,.82849604,2012,4.4597883,,0,686,0,,0
679.6095,.82849604,2013,4.2083335,0,0,686,0,,0
904.68976,.84401113,2009,4.5943785,,0,687,0,,0
904.68976,.84401113,2010,4.6256614,,0,687,0,,0
904.68976,.84401113,2011,4.4800925,0,0,687,0,,0
904.68976,.84401113,2012,5.4089947,,0,687,0,,0
904.68976,.84401113,2013,4.9010987,0,0,687,0,,0
1476.0892,.76255709,2009,7.0582609,,0,688,0,,0
1476.0892,.76255709,2010,7.207705,,0,688,0,,0
1476.0892,.76255709,2011,7.6164021,0,0,688,0,,0
1476.0892,.76255709,2012,9.1131315,,0,688,0,,0
1476.0892,.76255709,2013,7.2261906,0,0,688,0,,0
601.4527,.52164948,2009,4.2589288,,0,689,0,,0
601.4527,.52164948,2010,3.6898148,,0,689,0,,0
601.4527,.52164948,2011,4.0830026,0,0,689,0,,0
601.4527,.52164948,2012,4.3024468,,0,689,0,,0
601.4527,.52164948,2013,3.8397436,0,0,689,0,,0
545.49176,.69547325,2009,4.7652779,,0,690,2011,2011,1
545.49176,.69547325,2010,4.2476854,,0,690,2011,2011,1
545.49176,.69547325,2011,4.052381,.50999999,.50999999,690,2011,2011,1
545.49176,.69547325,2012,4.4994049,,0,690,2011,2011,1
545.49176,.69547325,2013,4.2591577,0,0,690,2011,2011,1
804.96692,.57734805,2009,4.1874337,,0,691,0,,0
804.96692,.57734805,2010,4.4275794,,0,691,0,,0
804.96692,.57734805,2011,3.7648809,0,0,691,0,,0
804.96692,.57734805,2012,4.7001982,,0,691,0,,0
804.96692,.57734805,2013,4.5608974,0,0,691,0,,0
523.86914,.58504671,2009,3.9861112,,0,692,2011,2011,1
523.86914,.58504671,2010,3.6046295,,0,692,2011,2011,1
523.86914,.58504671,2011,3.7995372,.86000001,.86000001,692,2011,2011,1
523.86914,.58504671,2012,4.1666665,,0,692,2011,2011,1
523.86914,.58504671,2013,3.9133089,0,0,692,2011,2011,1
753.99164,.67688024,2009,4.3746033,,0,693,2011,2011,1
753.99164,.67688024,2010,3.4342592,,0,693,2011,2011,1
753.99164,.67688024,2011,4.090476,.31,.31,693,2011,2011,1
753.99164,.67688024,2012,4.0879631,,0,693,2011,2011,1
753.99164,.67688024,2013,3.6442308,0,0,693,2011,2011,1
799.15387,.72222221,2009,3.8999999,,0,694,2011,2011,1
799.15387,.72222221,2010,4.0986109,,0,694,2011,2011,1
799.15387,.72222221,2011,3.7819445,5.8600001,5.8600001,694,2011,2011,1
799.15387,.72222221,2012,4.1473546,,0,694,2011,2011,1
799.15387,.72222221,2013,4.5311356,.079999998,.079999998,694,2011,2011,1
683.78052,.78048778,2009,4.7694445,,0,695,2011,2011,1
683.78052,.78048778,2010,5.0746031,,0,695,2011,2011,1
683.78052,.78048778,2011,4.3833332,16.43,16.43,695,2011,2011,1
683.78052,.78048778,2012,4.7304716,,0,695,2011,2011,1
683.78052,.78048778,2013,5.4365077,.14,.14,695,2011,2011,1
1020.9835,.73754156,2009,4.1064816,,0,696,2011,2011,1
1020.9835,.73754156,2010,4.4004631,,0,696,2011,2011,1
1020.9835,.73754156,2011,4.4256616,2.26,2.26,696,2011,2011,1
1020.9835,.73754156,2012,4.8786616,,0,696,2011,2011,1
1020.9835,.73754156,2013,4.964591,0,0,696,2011,2011,1
596.61725,.69138277,2009,4.2597222,,0,697,2011,2011,1
596.61725,.69138277,2010,4.6550927,,0,697,2011,2011,1
596.61725,.69138277,2011,4.1550927,5.5700002,5.5700002,697,2011,2011,1
596.61725,.69138277,2012,4.7643518,,0,697,2011,2011,1
596.61725,.69138277,2013,4.4819622,.029999999,.029999999,697,2011,2011,1
941.99078,.67283952,2009,4.5388889,,0,698,2011,2011,1
941.99078,.67283952,2010,4.9796295,,0,698,2011,2011,1
941.99078,.67283952,2011,4.749537,23.610001,23.610001,698,2011,2011,1
941.99078,.67283952,2012,5.3553572,,0,698,2011,2011,1
941.99078,.67283952,2013,5.4138889,2.5,2.5,698,2011,2011,1
895.33331,.76825398,2009,4.7537036,,0,699,2011,2011,1
895.33331,.76825398,2010,5.3592591,,0,699,2011,2011,1
895.33331,.76825398,2011,4.6495371,15.68,15.68,699,2011,2011,1
895.33331,.76825398,2012,5.4546299,,0,699,2011,2011,1
895.33331,.76825398,2013,6.0305557,7.8099999,7.8099999,699,2011,2011,1
858.84399,.72144848,2009,3.6996031,,0,700,2011,2011,1
858.84399,.72144848,2010,4.3851852,,0,700,2011,2011,1
858.84399,.72144848,2011,4.3851852,43.450001,43.450001,700,2011,2011,1
858.84399,.72144848,2012,5.188889,,0,700,2011,2011,1
858.84399,.72144848,2013,5.067821,5.21,5.21,700,2011,2011,1
1759.6079,.65714288,2009,4.0317459,,0,701,2011,2011,1
1759.6079,.65714288,2010,4.6986113,,0,701,2011,2011,1
1759.6079,.65714288,2011,4.3351192,64.620003,64.620003,701,2011,2011,1
1759.6079,.65714288,2012,5.6488094,,0,701,2011,2011,1
1759.6079,.65714288,2013,5.3452382,13.87,13.87,701,2011,2011,1
877.72125,.67832166,2009,6.8202381,,0,702,2011,2011,1
877.72125,.67832166,2010,7.6587963,,0,702,2011,2011,1
877.72125,.67832166,2011,6.8950396,30.940001,30.940001,702,2011,2011,1
877.72125,.67832166,2012,8.9790344,,0,702,2011,2011,1
877.72125,.67832166,2013,8.2222223,3.8599999,3.8599999,702,2011,2011,1
778.13416,.38782051,2009,5.2416668,,0,703,2011,2011,1
778.13416,.38782051,2010,5.370635,,0,703,2011,2011,1
778.13416,.38782051,2011,4.9950395,7.6799998,7.6799998,703,2011,2011,1
778.13416,.38782051,2012,5.7674603,,0,703,2011,2011,1
778.13416,.38782051,2013,5.5042734,.23999999,.23999999,703,2011,2011,1
977.2879,.80745339,2009,4.9421296,,0,704,2011,2011,1
977.2879,.80745339,2010,4.7740741,,0,704,2011,2011,1
977.2879,.80745339,2011,5.4763889,9.1800003,9.1800003,704,2011,2011,1
977.2879,.80745339,2012,6.5470901,,0,704,2011,2011,1
977.2879,.80745339,2013,6.2393165,1.4400001,1.4400001,704,2011,2011,1
620.06171,.627572,2009,4.709259,,0,705,2011,2011,1
620.06171,.627572,2010,5.1380291,,0,705,2011,2011,1
620.06171,.627572,2011,5.2365742,6.0599999,6.0599999,705,2011,2011,1
620.06171,.627572,2012,6.1592593,,0,705,2011,2011,1
620.06171,.627572,2013,5.4981685,1.7,1.7,705,2011,2011,1
781.69397,.86612022,2009,4.5359788,,0,706,2011,2011,1
781.69397,.86612022,2010,4.9759259,,0,706,2011,2011,1
781.69397,.86612022,2011,4.3178244,3.6700001,3.6700001,706,2011,2011,1
781.69397,.86612022,2012,5.8496032,,0,706,2011,2011,1
781.69397,.86612022,2013,5.6282053,1.47,1.47,706,2011,2011,1
2313.9424,.98540145,2009,5.845767,,0,707,2011,2011,1
2313.9424,.98540145,2010,6.3625002,,0,707,2011,2011,1
2313.9424,.98540145,2011,6.2171626,2.1199999,2.1199999,707,2011,2011,1
2313.9424,.98540145,2012,7.3521166,,0,707,2011,2011,1
2313.9424,.98540145,2013,6.4145298,.059999999,.059999999,707,2011,2011,1
1403.186,.81308413,2009,3.3710318,,0,708,2011,2011,1
1403.186,.81308413,2010,3.5835648,,0,708,2011,2011,1
1403.186,.81308413,2011,3.4662697,9.9799995,9.9799995,708,2011,2011,1
1403.186,.81308413,2012,4.3579364,,0,708,2011,2011,1
1403.186,.81308413,2013,4.1965809,4.8200002,4.8200002,708,2011,2011,1
1500.2217,.87623763,2009,3.9759259,,0,709,2011,2011,1
1500.2217,.87623763,2010,4.5546293,,0,709,2011,2011,1
1500.2217,.87623763,2011,4.1800928,62.91,62.91,709,2011,2011,1
1500.2217,.87623763,2012,5.3185186,,0,709,2011,2011,1
1500.2217,.87623763,2013,4.7545786,45.130001,45.130001,709,2011,2011,1
944.22015,.59433961,2009,3.6962962,,0,710,2011,2011,1
944.22015,.59433961,2010,3.5957792,,0,710,2011,2011,1
944.22015,.59433961,2011,3.3314815,15.91,15.91,710,2011,2011,1
944.22015,.59433961,2012,4.1033731,,0,710,2011,2011,1
944.22015,.59433961,2013,3.9829059,43.049999,43.049999,710,2011,2011,1
1495.4368,.86624205,2009,4.1637568,,0,711,2011,2011,1
1495.4368,.86624205,2010,4.5467591,,0,711,2011,2011,1
1495.4368,.86624205,2011,4.1296296,44.610001,44.610001,711,2011,2011,1
1495.4368,.86624205,2012,5.9179893,,0,711,2011,2011,1
1495.4368,.86624205,2013,5.402564,50.23,50.23,711,2011,2011,1
1430.5792,.77472526,2009,5.2158728,,0,712,2011,2011,1
1430.5792,.77472526,2010,5.7950397,,0,712,2011,2011,1
1430.5792,.77472526,2011,5.4876323,34.790001,34.790001,712,2011,2011,1
1430.5792,.77472526,2012,6.7470899,,0,712,2011,2011,1
1430.5792,.77472526,2013,6.402564,44.91,44.91,712,2011,2011,1
1070.7107,.67659575,2009,5.8341269,,0,713,2011,2011,1
1070.7107,.67659575,2010,6.2037039,,0,713,2011,2011,1
1070.7107,.67659575,2011,5.5250001,20.33,20.33,713,2011,2011,1
1070.7107,.67659575,2012,6.9092593,,0,713,2011,2011,1
1070.7107,.67659575,2013,6.5109892,30.389999,30.389999,713,2011,2011,1
897.64093,.9358108,2009,7.4408069,,0,714,2011,2011,1
897.64093,.9358108,2010,7.9624338,,0,714,2011,2011,1
897.64093,.9358108,2011,7.2363095,16.48,16.48,714,2011,2011,1
897.64093,.9358108,2012,8.4873734,,0,714,2011,2011,1
897.64093,.9358108,2013,8.4102564,21.219999,21.219999,714,2011,2011,1
1252.1713,.71627909,2009,5.5351191,,0,715,2011,2011,1
1252.1713,.71627909,2010,6.3939815,,0,715,2011,2011,1
1252.1713,.71627909,2011,5.0739417,36.060001,36.060001,715,2011,2011,1
1252.1713,.71627909,2012,6.3782825,,0,715,2011,2011,1
1252.1713,.71627909,2013,6.3559828,25.780001,25.780001,715,2011,2011,1
1005.974,.71641791,2009,6.3567462,,0,716,2011,2011,1
1005.974,.71641791,2010,6.6738095,,0,716,2011,2011,1
1005.974,.71641791,2011,5.3476853,18.959999,18.959999,716,2011,2011,1
1005.974,.71641791,2012,6.6222224,,0,716,2011,2011,1
1005.974,.71641791,2013,6.3974357,10.74,10.74,716,2011,2011,1
1257.0634,.66502464,2009,7.1689816,,0,717,2011,2011,1
1257.0634,.66502464,2010,7.819643,,0,717,2011,2011,1
1257.0634,.66502464,2011,8.6393518,4.2399998,4.2399998,717,2011,2011,1
1257.0634,.66502464,2012,9.9969692,,0,717,2011,2011,1
1257.0634,.66502464,2013,7.6965814,2.5599999,2.5599999,717,2011,2011,1
1282.4796,.73877549,2009,4.0486112,,0,718,2011,2011,1
1282.4796,.73877549,2010,4.221693,,0,718,2011,2011,1
1282.4796,.73877549,2011,4.2526455,1.55,1.55,718,2011,2011,1
1282.4796,.73877549,2012,4.9799061,,0,718,2011,2011,1
1282.4796,.73877549,2013,4.3982906,2.22,2.22,718,2011,2011,1
1074.4497,.67003369,2009,4.2822418,,0,719,2011,2011,1
1074.4497,.67003369,2010,4.7958331,,0,719,2011,2011,1
1074.4497,.67003369,2011,4.8422618,.039999999,.039999999,719,2011,2011,1
1074.4497,.67003369,2012,5.6567459,,0,719,2011,2011,1
1074.4497,.67003369,2013,4.9333334,.58999997,.58999997,719,2011,2011,1
1051.1273,.73207545,2009,4.5224867,,0,720,2011,2011,1
1051.1273,.73207545,2010,4.982738,,0,720,2011,2011,1
1051.1273,.73207545,2011,5.1322751,5.3499999,5.3499999,720,2011,2011,1
1051.1273,.73207545,2012,6.5685186,,0,720,2011,2011,1
1051.1273,.73207545,2013,5.5641026,4.4400001,4.4400001,720,2011,2011,1
1191.5375,.54424781,2009,4.6296296,,0,721,2011,2011,1
1191.5375,.54424781,2010,4.5112433,,0,721,2011,2011,1
1191.5375,.54424781,2011,4.6064816,.07,.07,721,2011,2011,1
1191.5375,.54424781,2012,5.0305557,,0,721,2011,2011,1
1191.5375,.54424781,2013,4.2576313,0,0,721,2011,2011,1
584.47595,.36989796,2009,4.6439815,,0,722,0,,0
584.47595,.36989796,2010,4.4610391,,0,722,0,,0
584.47595,.36989796,2011,4.1620369,0,0,722,0,,0
584.47595,.36989796,2012,4.6905484,,0,722,0,,0
584.47595,.36989796,2013,3.9487178,0,0,722,0,,0
1174.2709,.67567569,2009,13.913195,,0,723,0,,0
1174.2709,.67567569,2010,17.646885,,0,723,0,,0
1174.2709,.67567569,2011,11.503637,0,0,723,0,,0
1174.2709,.67567569,2012,15.281944,,0,723,0,,0
1174.2709,.67567569,2013,11.451313,0,0,723,0,,0
1431.7354,.72727275,2009,4.8404403,,0,724,0,,0
1431.7354,.72727275,2010,5.7827382,,0,724,0,,0
1431.7354,.72727275,2011,7.6134257,0,0,724,0,,0
1431.7354,.72727275,2012,8.9036798,,0,724,0,,0
1431.7354,.72727275,2013,7.9166665,0,0,724,0,,0
1195.7783,.53070176,2009,5.2787037,,0,725,0,,0
1195.7783,.53070176,2010,5.9461641,,0,725,0,,0
1195.7783,.53070176,2011,5.4625659,0,0,725,0,,0
1195.7783,.53070176,2012,7.1482687,,0,725,0,,0
1195.7783,.53070176,2013,5.8888888,0,0,725,0,,0
806.91895,.38518518,2009,3.3626983,,0,728,0,,0
806.91895,.38518518,2010,3.7328703,,0,728,0,,0
806.91895,.38518518,2011,3.8967593,0,0,728,0,,0
806.91895,.38518518,2012,4.3871031,,0,728,0,,0
806.91895,.38518518,2013,4.118803,0,0,728,0,,0
883.26855,.56160456,2009,3.4467592,,0,729,0,,0
883.26855,.56160456,2010,3.9601851,,0,729,0,,0
883.26855,.56160456,2011,3.8162038,0,0,729,0,,0
883.26855,.56160456,2012,4.507576,,0,729,0,,0
883.26855,.56160456,2013,4.3034186,0,0,729,0,,0
899.71155,.58554214,2009,3.3087964,,0,730,0,,0
899.71155,.58554214,2010,3.6347222,,0,730,0,,0
899.71155,.58554214,2011,3.738426,0,0,730,0,,0
899.71155,.58554214,2012,4.2361112,,0,730,0,,0
899.71155,.58554214,2013,3.8878205,0,0,730,0,,0
1208.9468,.62551439,2009,3.6027777,,0,731,0,,0
1208.9468,.62551439,2010,4.1444445,,0,731,0,,0
1208.9468,.62551439,2011,4.2582011,0,0,731,0,,0
1208.9468,.62551439,2012,4.7671294,,0,731,0,,0
1208.9468,.62551439,2013,4.3632479,0,0,731,0,,0
934.89648,.76648355,2009,3.6679895,,0,732,0,,0
934.89648,.76648355,2010,4.0185184,,0,732,0,,0
934.89648,.76648355,2011,4,0,0,732,0,,0
934.89648,.76648355,2012,4.4731541,,0,732,0,,0
934.89648,.76648355,2013,4.0373626,0,0,732,0,,0
859.20319,.51458883,2009,3.5103836,,0,733,0,,0
859.20319,.51458883,2010,3.665344,,0,733,0,,0
859.20319,.51458883,2011,3.7050927,0,0,733,0,,0
859.20319,.51458883,2012,4.2468252,,0,733,0,,0
859.20319,.51458883,2013,3.7378204,0,0,733,0,,0
918.23199,.6981132,2009,3.6160715,,0,734,0,,0
918.23199,.6981132,2010,3.4004629,,0,734,0,,0
918.23199,.6981132,2011,3.3587964,0,0,734,0,,0
918.23199,.6981132,2012,4.2711639,,0,734,0,,0
918.23199,.6981132,2013,3.5942307,0,0,734,0,,0
982.11456,.72049689,2009,3.8027778,,0,735,0,,0
982.11456,.72049689,2010,3.5767195,,0,735,0,,0
982.11456,.72049689,2011,3.9143519,0,0,735,0,,0
982.11456,.72049689,2012,4.4059644,,0,735,0,,0
982.11456,.72049689,2013,3.655983,0,0,735,0,,0
1872.915,.78807944,2009,3.5370371,,0,736,0,,0
1872.915,.78807944,2010,2.937037,,0,736,0,,0
1872.915,.78807944,2011,3.6092591,,,736,0,,0
1872.915,.78807944,2012,4.2349205,,0,736,0,,0
1872.915,.78807944,2013,3.4722223,0,0,736,0,,0
1184.7339,.69581747,2009,3.4357142,,0,737,0,,0
1184.7339,.69581747,2010,3.074008,,0,737,0,,0
1184.7339,.69581747,2011,3.5994709,,,737,0,,0
1184.7339,.69581747,2012,4.0386004,,0,737,0,,0
1184.7339,.69581747,2013,3.5769842,0,0,737,0,,0
1342.8115,.73662549,2009,3.8065476,,0,738,0,,0
1342.8115,.73662549,2010,3.7888889,,0,738,0,,0
1342.8115,.73662549,2011,4.0094247,0,0,738,0,,0
1342.8115,.73662549,2012,4.3680553,,0,738,0,,0
1342.8115,.73662549,2013,3.9333332,0,0,738,0,,0
1381.0625,.4009662,2009,3.6107805,,0,739,0,,0
1381.0625,.4009662,2010,2.8682539,,0,739,0,,0
1381.0625,.4009662,2011,3.7293651,,,739,0,,0
1381.0625,.4009662,2012,4.1833334,,0,739,0,,0
1381.0625,.4009662,2013,3.7277777,0,0,739,0,,0
401.15759,.3659218,2009,3.3731482,,0,740,0,,0
401.15759,.3659218,2010,3.5384259,,0,740,0,,0
401.15759,.3659218,2011,4.2552247,0,0,740,0,,0
401.15759,.3659218,2012,4.2169795,,0,740,0,,0
401.15759,.3659218,2013,3.6153846,0,0,740,0,,0
1126.6085,.82879376,2009,3.7488756,,0,741,0,,0
1126.6085,.82879376,2010,3.8037038,,0,741,0,,0
1126.6085,.82879376,2011,4.0037036,0,0,741,0,,0
1126.6085,.82879376,2012,4.2613997,,0,741,0,,0
1126.6085,.82879376,2013,3.8783882,0,0,741,0,,0
1627.6064,.83333331,2009,3.7722883,,0,742,0,,0
1627.6064,.83333331,2010,4.1210647,,0,742,0,,0
1627.6064,.83333331,2011,3.9634259,0,0,742,0,,0
1627.6064,.83333331,2012,4.2853537,,0,742,0,,0
1627.6064,.83333331,2013,4.1166058,0,0,742,0,,0
1361.9053,.7703349,2009,3.7210317,,0,743,0,,0
1361.9053,.7703349,2010,4.067791,,0,743,0,,0
1361.9053,.7703349,2011,3.9953704,0,0,743,0,,0
1361.9053,.7703349,2012,4.5019841,,0,743,0,,0
1361.9053,.7703349,2013,4.168498,0,0,743,0,,0
621.4856,.46804124,2009,3.1805556,,0,744,0,,0
621.4856,.46804124,2010,3.6476851,,0,744,0,,0
621.4856,.46804124,2011,4.2876325,0,0,744,0,,0
621.4856,.46804124,2012,4.0746932,,0,744,0,,0
621.4856,.46804124,2013,3.5865386,0,0,744,0,,0
297.27844,.24262735,2009,3.0407407,,0,745,0,,0
297.27844,.24262735,2010,3.3873017,,0,745,0,,0
297.27844,.24262735,2011,4.9305553,0,0,745,0,,0
297.27844,.24262735,2012,4.0152116,,0,745,0,,0
297.27844,.24262735,2013,3.3055556,0,0,745,0,,0
410.53311,.46044305,2009,2.9928572,,0,746,0,,0
410.53311,.46044305,2010,3.3587964,,0,746,0,,0
410.53311,.46044305,2011,3.8402777,0,0,746,0,,0
410.53311,.46044305,2012,3.7345238,,0,746,0,,0
410.53311,.46044305,2013,3.5277777,0,0,746,0,,0
264.16168,.30010718,2009,3.0410051,,0,747,0,,0
264.16168,.30010718,2010,3.5518517,,0,747,0,,0
264.16168,.30010718,2011,4.8449073,0,0,747,0,,0
264.16168,.30010718,2012,4.0261903,,0,747,0,,0
264.16168,.30010718,2013,3.4444444,0,0,747,0,,0
420.67871,.49333334,2009,3.3432539,,0,749,2011,2011,1
420.67871,.49333334,2010,3.3178573,,0,749,2011,2011,1
420.67871,.49333334,2011,4.3726854,.07,.07,749,2011,2011,1
420.67871,.49333334,2012,3.8563132,,0,749,2011,2011,1
420.67871,.49333334,2013,3.5238094,3.6600001,3.6600001,749,2011,2011,1
852.70831,.54317546,2009,3.7073412,,0,750,2011,2011,1
852.70831,.54317546,2010,3.8228176,,0,750,2011,2011,1
852.70831,.54317546,2011,5.0085979,1.54,1.54,750,2011,2011,1
852.70831,.54317546,2012,4.4291668,,0,750,2011,2011,1
852.70831,.54317546,2013,3.8051281,3.3,3.3,750,2011,2011,1
1609.7322,.70303029,2009,4.5595236,,0,751,2011,2011,1
1609.7322,.70303029,2010,4.6168652,,0,751,2011,2011,1
1609.7322,.70303029,2011,4.5046296,14.31,14.31,751,2011,2011,1
1609.7322,.70303029,2012,5.3453703,,0,751,2011,2011,1
1609.7322,.70303029,2013,5.2547007,19.469999,19.469999,751,2011,2011,1
1020.7277,.75,2009,6.4494047,,0,752,2011,2011,1
1020.7277,.75,2010,6.8152776,,0,752,2011,2011,1
1020.7277,.75,2011,5.8375664,6.8200002,6.8200002,752,2011,2011,1
1020.7277,.75,2012,6.6378789,,0,752,2011,2011,1
1020.7277,.75,2013,6.0589743,6.8800001,6.8800001,752,2011,2011,1
1101.6654,.7153846,2009,5.4894843,,0,755,2011,2011,1
1101.6654,.7153846,2010,5.7585139,,0,755,2011,2011,1
1101.6654,.7153846,2011,5.8223214,7.0700002,7.0700002,755,2011,2011,1
1101.6654,.7153846,2012,7.2560844,,0,755,2011,2011,1
1101.6654,.7153846,2013,7.3606839,3.1199999,3.1199999,755,2011,2011,1
1097.2789,.83935744,2009,7.5833335,,0,757,2011,2011,1
1097.2789,.83935744,2010,7.6532407,,0,757,2011,2011,1
1097.2789,.83935744,2011,6.790741,5.8899999,5.8899999,757,2011,2011,1
1097.2789,.83935744,2012,8.8968258,,0,757,2011,2011,1
1097.2789,.83935744,2013,8.2051277,3.01,3.01,757,2011,2011,1
998.19244,.88328075,2009,6.6972885,,0,758,2011,2011,1
998.19244,.88328075,2010,7.115344,,0,758,2011,2011,1
998.19244,.88328075,2011,6.0541668,13.26,13.26,758,2011,2011,1
998.19244,.88328075,2012,7.932107,,0,758,2011,2011,1
998.19244,.88328075,2013,7.2564101,13.6,13.6,758,2011,2011,1
901.48828,.94152045,2009,6.2402115,,0,759,2011,2011,1
901.48828,.94152045,2010,6.9068785,,0,759,2011,2011,1
901.48828,.94152045,2011,5.8801589,19.73,19.73,759,2011,2011,1
901.48828,.94152045,2012,7.5,,0,759,2011,2011,1
901.48828,.94152045,2013,7.4102564,20.280001,20.280001,759,2011,2011,1
1559.0178,.92215568,2009,5.5525131,,0,760,2011,2011,1
1559.0178,.92215568,2010,6.2296958,,0,760,2011,2011,1
1559.0178,.92215568,2011,5.7616405,27.07,27.07,760,2011,2011,1
1559.0178,.92215568,2012,6.7131553,,0,760,2011,2011,1
1559.0178,.92215568,2013,6.6062269,21.68,21.68,760,2011,2011,1
996.32373,.81294966,2009,3.9577382,,0,761,2011,2011,1
996.32373,.81294966,2010,4.4425926,,0,761,2011,2011,1
996.32373,.81294966,2011,3.6046295,28.6,28.6,761,2011,2011,1
996.32373,.81294966,2012,5.0290527,,0,761,2011,2011,1
996.32373,.81294966,2013,4.8021979,52.580002,52.580002,761,2011,2011,1
857.1629,.63098592,2009,3.2129631,,0,762,2011,2011,1
857.1629,.63098592,2010,3.5854497,,0,762,2011,2011,1
857.1629,.63098592,2011,3.5435185,8.8999996,8.8999996,762,2011,2011,1
857.1629,.63098592,2012,4.2300506,,0,762,2011,2011,1
857.1629,.63098592,2013,4.1709399,8.71,8.71,762,2011,2011,1
1115.9844,.68093383,2009,4.2375002,,0,763,2011,2011,1
1115.9844,.68093383,2010,4.6357145,,0,763,2011,2011,1
1115.9844,.68093383,2011,4.130754,12.34,12.34,763,2011,2011,1
1115.9844,.68093383,2012,5.0500841,,0,763,2011,2011,1
1115.9844,.68093383,2013,4.7794871,11.41,11.41,763,2011,2011,1
1339.5782,.86602873,2009,8.5791998,,0,764,2011,2011,1
1339.5782,.86602873,2010,10.395734,,0,764,2011,2011,1
1339.5782,.86602873,2011,7.3603835,22.27,22.27,764,2011,2011,1
1339.5782,.86602873,2012,8.6671715,,0,764,2011,2011,1
1339.5782,.86602873,2013,7.9615383,25.66,25.66,764,2011,2011,1
837.74438,.83943659,2009,5.765377,,0,765,2011,2011,1
837.74438,.83943659,2010,5.9739537,,0,765,2011,2011,1
837.74438,.83943659,2011,5.4570107,8.9399996,8.9399996,765,2011,2011,1
837.74438,.83943659,2012,6.7185426,,0,765,2011,2011,1
837.74438,.83943659,2013,6.7264957,8.7299995,8.7299995,765,2011,2011,1
747.88293,.84390247,2009,3.6474867,,0,766,2011,2011,1
747.88293,.84390247,2010,3.9759741,,0,766,2011,2011,1
747.88293,.84390247,2011,4.0425925,36.150002,36.150002,766,2011,2011,1
747.88293,.84390247,2012,5.0720901,,0,766,2011,2011,1
747.88293,.84390247,2013,5.0064101,.25999999,.25999999,766,2011,2011,1
1026.3292,.91322315,2009,5.6317792,,0,767,2011,2011,1
1026.3292,.91322315,2010,5.558466,,0,767,2011,2011,1
1026.3292,.91322315,2011,5.534524,12.28,12.28,767,2011,2011,1
1026.3292,.91322315,2012,7.1054897,,0,767,2011,2011,1
1026.3292,.91322315,2013,6.9829059,2.26,2.26,767,2011,2011,1
950.37292,.70860928,2009,4.5145502,,0,768,2011,2011,1
950.37292,.70860928,2010,5.1264548,,0,768,2011,2011,1
950.37292,.70860928,2011,4.6701059,18.51,18.51,768,2011,2011,1
950.37292,.70860928,2012,5.9810848,,0,768,2011,2011,1
950.37292,.70860928,2013,5.8333335,9.6499996,9.6499996,768,2011,2011,1
882.36334,.84423673,2009,5.2331347,,0,769,2011,2011,1
882.36334,.84423673,2010,5.8901515,,0,769,2011,2011,1
882.36334,.84423673,2011,5.7203703,14.06,14.06,769,2011,2011,1
882.36334,.84423673,2012,7.0330687,,0,769,2011,2011,1
882.36334,.84423673,2013,6.3888888,21.809999,21.809999,769,2011,2011,1
2921.3926,.8952381,2009,4.630291,,0,770,2011,2011,1
2921.3926,.8952381,2010,4.9998016,,0,770,2011,2011,1
2921.3926,.8952381,2011,4.6628308,15.43,15.43,770,2011,2011,1
2921.3926,.8952381,2012,5.6614056,,0,770,2011,2011,1
2921.3926,.8952381,2013,5.1794872,25.34,25.34,770,2011,2011,1
870.33441,.86885244,2009,3.2561326,,0,771,2011,2011,1
870.33441,.86885244,2010,3.5161436,,0,771,2011,2011,1
870.33441,.86885244,2011,3.3197751,27.77,27.77,771,2011,2011,1
870.33441,.86885244,2012,4.219841,,0,771,2011,2011,1
870.33441,.86885244,2013,3.6752138,17.57,17.57,771,2011,2011,1
1142.374,.83739835,2009,4.1448412,,0,772,2011,2011,1
1142.374,.83739835,2010,4.4440536,,0,772,2011,2011,1
1142.374,.83739835,2011,4.4973545,36.84,36.84,772,2011,2011,1
1142.374,.83739835,2012,5.346561,,0,772,2011,2011,1
1142.374,.83739835,2013,5.0558,47.599998,47.599998,772,2011,2011,1
864.0647,.9218241,2009,5.2609129,,0,773,2011,2011,1
864.0647,.9218241,2010,6.0497837,,0,773,2011,2011,1
864.0647,.9218241,2011,6.1137567,9.0299997,9.0299997,773,2011,2011,1
864.0647,.9218241,2012,7.8369708,,0,773,2011,2011,1
864.0647,.9218241,2013,7.2435899,23.860001,23.860001,773,2011,2011,1
1247.3556,.71022725,2009,7.4861112,,0,774,2011,2011,1
1247.3556,.71022725,2010,7.9297619,,0,774,2011,2011,1
1247.3556,.71022725,2011,7.0578704,9.1199999,9.1199999,774,2011,2011,1
1247.3556,.71022725,2012,9.3982143,,0,774,2011,2011,1
1247.3556,.71022725,2013,8.5256414,7.5999999,7.5999999,774,2011,2011,1
1474.5111,.68156427,2009,11.807539,,0,778,2011,2011,1
1474.5111,.68156427,2010,13.309794,,0,778,2011,2011,1
1474.5111,.68156427,2011,11.324074,5.1599998,5.1599998,778,2011,2011,1
1474.5111,.68156427,2012,15.179893,,0,778,2011,2011,1
1474.5111,.68156427,2013,12.76282,3.3900001,3.3900001,778,2011,2011,1
697.98981,.90561223,2009,4.5562167,,0,779,2011,2011,1
697.98981,.90561223,2010,4.7976189,,0,779,2011,2011,1
697.98981,.90561223,2011,4.3125,6,6,779,2011,2011,1
697.98981,.90561223,2012,5.4482327,,0,779,2011,2011,1
697.98981,.90561223,2013,5.1388888,9.4399996,9.4399996,779,2011,2011,1
1278.4791,.69491524,2009,4.6560183,,0,780,2011,2011,1
1278.4791,.69491524,2010,5.6178751,,0,780,2011,2011,1
1278.4791,.69491524,2011,5.5300927,20.16,20.16,780,2011,2011,1
1278.4791,.69491524,2012,6.9589949,,0,780,2011,2011,1
1278.4791,.69491524,2013,6.6605616,17.549999,17.549999,780,2011,2011,1
854.67847,.27597404,2009,3.5355158,,0,781,2011,2011,1
854.67847,.27597404,2010,3.9448051,,0,781,2011,2011,1
854.67847,.27597404,2011,4.0300927,4.3200002,4.3200002,781,2011,2011,1
854.67847,.27597404,2012,4.5694447,,0,781,2011,2011,1
854.67847,.27597404,2013,4,.76999998,.76999998,781,2011,2011,1
800.91003,.82867134,2009,3.4910715,,0,782,2011,2011,1
800.91003,.82867134,2010,3.9666667,,0,782,2011,2011,1
800.91003,.82867134,2011,4.1458335,.31999999,.31999999,782,2011,2011,1
800.91003,.82867134,2012,4.7904763,,0,782,2011,2011,1
800.91003,.82867134,2013,4.3928571,.0099999998,.0099999998,782,2011,2011,1
778.14038,.64310956,2009,4.1460977,,0,783,2011,2011,1
778.14038,.64310956,2010,4.3290944,,0,783,2011,2011,1
778.14038,.64310956,2011,4.1157408,8.1000004,8.1000004,783,2011,2011,1
778.14038,.64310956,2012,4.7942462,,0,783,2011,2011,1
778.14038,.64310956,2013,4.3611112,6.8299999,6.8299999,783,2011,2011,1
351.30966,.40242058,2009,3.4043651,,0,784,2011,2011,1
351.30966,.40242058,2010,3.5617785,,0,784,2011,2011,1
351.30966,.40242058,2011,4.5902777,.19,.19,784,2011,2011,1
351.30966,.40242058,2012,3.926389,,0,784,2011,2011,1
351.30966,.40242058,2013,3.5333333,1.1799999,1.1799999,784,2011,2011,1
955.56055,.83566433,2009,4.2519841,,0,785,2011,2011,1
955.56055,.83566433,2010,4.7125001,,0,785,2011,2011,1
955.56055,.83566433,2011,4.8703704,4.0700002,4.0700002,785,2011,2011,1
955.56055,.83566433,2012,5.3384919,,0,785,2011,2011,1
955.56055,.83566433,2013,4.8611112,0,0,785,2011,2011,1
1056.8096,.48698884,2009,3.2863095,,0,786,2011,2011,1
1056.8096,.48698884,2010,3.5748677,,0,786,2011,2011,1
1056.8096,.48698884,2011,3.8680556,.059999999,.059999999,786,2011,2011,1
1056.8096,.48698884,2012,3.8892677,,0,786,2011,2011,1
1056.8096,.48698884,2013,3.6666667,0,0,786,2011,2011,1
1366.0718,.69565219,2009,3.3732142,,0,787,2011,2011,1
1366.0718,.69565219,2010,3.6375661,,0,787,2011,2011,1
1366.0718,.69565219,2011,4.6640215,.0099999998,.0099999998,787,2011,2011,1
1366.0718,.69565219,2012,4.1488094,,0,787,2011,2011,1
1366.0718,.69565219,2013,3.5833333,.0099999998,.0099999998,787,2011,2011,1
1304.9714,.71311474,2009,3.7793651,,0,788,2011,2011,1
1304.9714,.71311474,2010,4.1986113,,0,788,2011,2011,1
1304.9714,.71311474,2011,3.8148148,.82999998,.82999998,788,2011,2011,1
1304.9714,.71311474,2012,4.5708332,,0,788,2011,2011,1
1304.9714,.71311474,2013,3.7111111,0,0,788,2011,2011,1
1278.5167,.76271188,2009,3.8711641,,0,789,2011,2011,1
1278.5167,.76271188,2010,4.4818783,,0,789,2011,2011,1
1278.5167,.76271188,2011,4.0949073,10.74,10.74,789,2011,2011,1
1278.5167,.76271188,2012,4.6857142,,0,789,2011,2011,1
1278.5167,.76271188,2013,4.0555553,0,0,789,2011,2011,1
1641.1758,.77987421,2009,4.4338622,,0,790,2011,2011,1
1641.1758,.77987421,2010,5.1481481,,0,790,2011,2011,1
1641.1758,.77987421,2011,5.0694447,12.51,12.51,790,2011,2011,1
1641.1758,.77987421,2012,5.6759257,,0,790,2011,2011,1
1641.1758,.77987421,2013,4.2111111,0,0,790,2011,2011,1
1504.6023,.83236992,2009,4.7136245,,0,791,2011,2011,1
1504.6023,.83236992,2010,5.0495367,,0,791,2011,2011,1
1504.6023,.83236992,2011,4.6005292,5.25,5.25,791,2011,2011,1
1504.6023,.83236992,2012,5.5111113,,0,791,2011,2011,1
1504.6023,.83236992,2013,4.1666665,0,0,791,2011,2011,1
868.52484,.49843261,2009,3.3150795,,0,792,2011,2011,1
868.52484,.49843261,2010,3.7467592,,0,792,2011,2011,1
868.52484,.49843261,2011,3.8402777,.58999997,.58999997,792,2011,2011,1
868.52484,.49843261,2012,4.1853175,,0,792,2011,2011,1
868.52484,.49843261,2013,3.6666667,0,0,792,2011,2011,1
891.23419,.63805968,2009,3.9767196,,0,793,2011,2011,1
891.23419,.63805968,2010,4.1214285,,0,793,2011,2011,1
891.23419,.63805968,2011,4.5625,4.52,4.52,793,2011,2011,1
891.23419,.63805968,2012,4.867857,,0,793,2011,2011,1
891.23419,.63805968,2013,3.9333334,0,0,793,2011,2011,1
1771.6527,.88957053,2009,4.8817458,,0,794,2011,2011,1
1771.6527,.88957053,2010,5.3026457,,0,794,2011,2011,1
1771.6527,.88957053,2011,5.0787039,22.870001,22.870001,794,2011,2011,1
1771.6527,.88957053,2012,6.0388889,,0,794,2011,2011,1
1771.6527,.88957053,2013,4.6388888,0,0,794,2011,2011,1
2373.0112,.87951809,2009,7.2857141,,0,795,2011,2011,1
2373.0112,.87951809,2010,9.1410055,,0,795,2011,2011,1
2373.0112,.87951809,2011,9.5825071,13.43,13.43,795,2011,2011,1
2373.0112,.87951809,2012,13.224224,,0,795,2011,2011,1
2373.0112,.87951809,2013,8.5,0,0,795,2011,2011,1
356598,,2009,12.609524,,0,796,2011,2011,1
356598,,2010,13.412699,,0,796,2011,2011,1
356598,,2011,7.0162039,2.1199999,2.1199999,796,2011,2011,1
356598,,2012,9.5138893,,0,796,2011,2011,1
356598,,2013,6.1944447,0,0,796,2011,2011,1
896.96124,.49027237,2009,4.6066799,,0,797,2011,2011,1
896.96124,.49027237,2010,4.7396164,,0,797,2011,2011,1
896.96124,.49027237,2011,4.8849206,4.3200002,4.3200002,797,2011,2011,1
896.96124,.49027237,2012,5.4230161,,0,797,2011,2011,1
896.96124,.49027237,2013,4.6404042,0,0,797,2011,2011,1
643.30792,.53191489,2009,3.925,,0,798,2011,2011,1
643.30792,.53191489,2010,4.063889,,0,798,2011,2011,1
643.30792,.53191489,2011,4.5644841,2.0899999,2.0899999,798,2011,2011,1
643.30792,.53191489,2012,4.65377,,0,798,2011,2011,1
643.30792,.53191489,2013,3.9840908,0,0,798,2011,2011,1
315.64734,.33166334,2009,3.1340609,,0,799,0,,0
315.64734,.33166334,2010,3.2120371,,0,799,0,,0
315.64734,.33166334,2011,3.6782408,0,0,799,0,,0
315.64734,.33166334,2012,4.0444446,,0,799,0,,0
315.64734,.33166334,2013,3.4444444,0,0,799,0,,0
612.4762,.53827751,2009,3.324074,,0,800,0,,0
612.4762,.53827751,2010,3.6472223,,0,800,0,,0
612.4762,.53827751,2011,3.6527777,0,0,800,0,,0
612.4762,.53827751,2012,4.0245128,,0,800,0,,0
612.4762,.53827751,2013,3.7916667,0,0,800,0,,0
463.55069,.41627544,2009,3.175,,0,801,0,,0
463.55069,.41627544,2010,3.4129629,,0,801,0,,0
463.55069,.41627544,2011,3.9699073,0,0,801,0,,0
463.55069,.41627544,2012,4.1070828,,0,801,0,,0
463.55069,.41627544,2013,3.5525641,0,0,801,0,,0
341.16812,.45235488,2009,3.3166666,,0,802,0,,0
341.16812,.45235488,2010,3.4958334,,0,802,0,,0
341.16812,.45235488,2011,4.2669311,0,0,802,0,,0
341.16812,.45235488,2012,4.1881313,,0,802,0,,0
341.16812,.45235488,2013,3.6358974,0,0,802,0,,0
540.18243,.60732114,2009,3.2231481,,0,803,0,,0
540.18243,.60732114,2010,3.4120369,,0,803,0,,0
540.18243,.60732114,2011,3.9924603,0,0,803,0,,0
540.18243,.60732114,2012,4.1632032,,0,803,0,,0
540.18243,.60732114,2013,3.6837606,0,0,803,0,,0
477.74374,.238921,2009,3.2648149,,0,804,0,,0
477.74374,.238921,2010,3.2439153,,0,804,0,,0
477.74374,.238921,2011,3.7732804,0,0,804,0,,0
477.74374,.238921,2012,4.0062938,,0,804,0,,0
477.74374,.238921,2013,3.5914531,0,0,804,0,,0
987.89087,.51590109,2009,3.6513889,,0,805,0,,0
987.89087,.51590109,2010,3.625,,0,805,0,,0
987.89087,.51590109,2011,4.0509257,,,805,0,,0
987.89087,.51590109,2012,4.4393663,,0,805,0,,0
987.89087,.51590109,2013,3.8222222,0,0,805,0,,0
1473.875,.77272725,2009,3.988426,,0,806,0,,0
1473.875,.77272725,2010,3.7685184,,0,806,0,,0
1473.875,.77272725,2011,4.8693781,0,0,806,0,,0
1473.875,.77272725,2012,4.6071429,,0,806,0,,0
1473.875,.77272725,2013,3.8888888,0,0,806,0,,0
651.25946,.54028434,2009,3.3822751,,0,807,0,,0
651.25946,.54028434,2010,3.1074736,,0,807,0,,0
651.25946,.54028434,2011,3.5351851,0,0,807,0,,0
651.25946,.54028434,2012,4.0352869,,0,807,0,,0
651.25946,.54028434,2013,3.655983,0,0,807,0,,0
630.39154,.29072681,2009,3.2520504,,0,808,0,,0
630.39154,.29072681,2010,2.6931217,,0,808,0,,0
630.39154,.29072681,2011,3.436574,0,0,808,0,,0
630.39154,.29072681,2012,3.8852813,,0,808,0,,0
630.39154,.29072681,2013,3.6666667,0,0,808,0,,0
971.69617,.31065089,2009,4.2830687,,0,809,0,,0
971.69617,.31065089,2010,2.9349747,,0,809,0,,0
971.69617,.31065089,2011,4.064815,,,809,0,,0
971.69617,.31065089,2012,4.1868687,,0,809,0,,0
971.69617,.31065089,2013,3.7045455,0,0,809,0,,0
497.67395,.32358319,2009,3.9793651,,0,810,0,,0
497.67395,.32358319,2010,2.8857143,,0,810,0,,0
497.67395,.32358319,2011,4.563889,,,810,0,,0
497.67395,.32358319,2012,4.3692307,,0,810,0,,0
497.67395,.32358319,2013,3.579798,0,0,810,0,,0
1587.3239,.68000001,2009,4.7785716,,0,811,0,,0
1587.3239,.68000001,2010,3.9180555,,0,811,0,,0
1587.3239,.68000001,2011,3.8949075,,0,811,0,,0
1587.3239,.68000001,2012,4.790801,0,0,811,0,,0
1587.3239,.68000001,2013,3.8181818,0,0,811,0,,0
2230.0188,.77669901,2009,6.1736112,,0,812,0,,0
2230.0188,.77669901,2010,4.9537697,,0,812,0,,0
2230.0188,.77669901,2011,4.3870373,,0,812,0,,0
2230.0188,.77669901,2012,5.7583332,0,0,812,0,,0
2230.0188,.77669901,2013,4.818182,0,0,812,0,,0
1784.437,.64957267,2009,5.5703702,,0,813,0,,0
1784.437,.64957267,2010,4.3595238,,0,813,0,,0
1784.437,.64957267,2011,4.0861111,,0,813,0,,0
1784.437,.64957267,2012,5.4204545,0,0,813,0,,0
1784.437,.64957267,2013,4.4545455,0,0,813,0,,0
4044.7261,.91044778,2009,11.193519,,0,814,0,,0
4044.7261,.91044778,2010,9.1792326,,0,814,0,,0
4044.7261,.91044778,2011,7.989881,,0,814,0,,0
4044.7261,.91044778,2012,10.201074,0,0,814,0,,0
4044.7261,.91044778,2013,9.1999998,0,0,814,0,,0
1027.3298,.62142855,2009,5.4351854,,0,815,0,,0
1027.3298,.62142855,2010,4.5902777,,0,815,0,,0
1027.3298,.62142855,2011,4.8480158,,0,815,0,,0
1027.3298,.62142855,2012,5.4883838,0,0,815,0,,0
1027.3298,.62142855,2013,4.1999998,0,0,815,0,,0
1659.3235,.72619045,2009,7.2865739,,0,816,0,,0
1659.3235,.72619045,2010,5.6522484,,0,816,0,,0
1659.3235,.72619045,2011,6.6023149,,0,816,0,,0
1659.3235,.72619045,2012,6.4145203,0,0,816,0,,0
1659.3235,.72619045,2013,4.4444447,0,0,816,0,,0
2277.1584,.75423729,2009,6.5500002,,0,817,0,,0
2277.1584,.75423729,2010,5.8660054,,0,817,0,,0
2277.1584,.75423729,2011,6.6407404,,0,817,0,,0
2277.1584,.75423729,2012,6.534091,0,0,817,0,,0
2277.1584,.75423729,2013,5,0,0,817,0,,0
1206.6201,.71929824,2009,6.6907406,,0,818,0,,0
1206.6201,.71929824,2010,5.4711642,,0,818,0,,0
1206.6201,.71929824,2011,6.6291666,,0,818,0,,0
1206.6201,.71929824,2012,6.2967596,0,0,818,0,,0
1206.6201,.71929824,2013,5,0,0,818,0,,0
2137.1304,.77536231,2009,10.089286,,0,819,0,,0
2137.1304,.77536231,2010,8.1603355,,0,819,0,,0
2137.1304,.77536231,2011,8.4564819,,0,819,0,,0
2137.1304,.77536231,2012,7.5601854,0,0,819,0,,0
2137.1304,.77536231,2013,6.5555553,0,0,819,0,,0
1612.4011,.79569894,2009,7.2152777,,0,820,0,,0
1612.4011,.79569894,2010,5.9958634,,0,820,0,,0
1612.4011,.79569894,2011,6.1175928,,0,820,0,,0
1612.4011,.79569894,2012,6.2060184,0,0,820,0,,0
1612.4011,.79569894,2013,5.1111112,0,0,820,0,,0
3638.9692,.9375,2009,15.299537,,0,821,0,,0
3638.9692,.9375,2010,13.254762,,0,821,0,,0
3638.9692,.9375,2011,12.782408,,0,821,0,,0
3638.9692,.9375,2012,12.238426,0,0,821,0,,0
3638.9692,.9375,2013,10.5,0,0,821,0,,0
3807.9597,.94949496,2009,14.725925,,0,822,0,,0
3807.9597,.94949496,2010,12.154756,,0,822,0,,0
3807.9597,.94949496,2011,12.120371,,0,822,0,,0
3807.9597,.94949496,2012,12.068708,0,0,822,0,,0
3807.9597,.94949496,2013,10,0,0,822,0,,0
1646.6241,.89171976,2009,7.3712964,,0,823,0,,0
1646.6241,.89171976,2010,6.1574073,,0,823,0,,0
1646.6241,.89171976,2011,6.5412035,,0,823,0,,0
1646.6241,.89171976,2012,6.6574073,0,0,823,0,,0
1646.6241,.89171976,2013,5.3333335,0,0,823,0,,0
2575.3831,.8924731,2009,10.105556,,0,824,0,,0
2575.3831,.8924731,2010,8.3713808,,0,824,0,,0
2575.3831,.8924731,2011,9.8217592,,0,824,0,,0
2575.3831,.8924731,2012,10.122024,0,0,824,0,,0
2575.3831,.8924731,2013,7.7777777,0,0,824,0,,0
1855.4304,.83439493,2009,8.1277781,,0,825,0,,0
1855.4304,.83439493,2010,7.1750302,,0,825,0,,0
1855.4304,.83439493,2011,7.5888886,,0,825,0,,0
1855.4304,.83439493,2012,7.5392318,0,0,825,0,,0
1855.4304,.83439493,2013,6,0,0,825,0,,0
3643.8779,.87804878,2009,11.169642,,0,826,0,,0
3643.8779,.87804878,2010,9.9799786,,0,826,0,,0
3643.8779,.87804878,2011,10.113426,,0,826,0,,0
3643.8779,.87804878,2012,9.9333754,0,0,826,0,,0
3643.8779,.87804878,2013,8.1111107,0,0,826,0,,0
3139.7666,.96629214,2009,12.097619,,0,829,0,,0
3139.7666,.96629214,2010,10.335065,,0,829,0,,0
3139.7666,.96629214,2011,10.975925,,0,829,0,,0
3139.7666,.96629214,2012,10.752315,0,0,829,0,,0
3139.7666,.96629214,2013,9.1111107,0,0,829,0,,0
4570.7119,.96875,2009,12.962269,,0,830,0,,0
4570.7119,.96875,2010,11.332143,,0,830,0,,0
4570.7119,.96875,2011,11.096891,,0,830,0,,0
4570.7119,.96875,2012,11.956879,0,0,830,0,,0
4570.7119,.96875,2013,10.375,0,0,830,0,,0
4315.4614,.98461539,2009,11.828936,,0,831,0,,0
4315.4614,.98461539,2010,9.8023806,,0,831,0,,0
4315.4614,.98461539,2011,10.156581,,0,831,0,,0
4315.4614,.98461539,2012,10.698148,0,0,831,0,,0
4315.4614,.98461539,2013,8.666667,0,0,831,0,,0
2697.5393,.94117647,2009,11.584723,,0,832,0,,0
2697.5393,.94117647,2010,9.7731485,,0,832,0,,0
2697.5393,.94117647,2011,10.210582,,0,832,0,,0
2697.5393,.94117647,2012,10.640783,0,0,832,0,,0
2697.5393,.94117647,2013,9.666667,0,0,832,0,,0
14176.3,1,2009,19.549538,,0,833,0,,0
14176.3,1,2010,16.566666,,0,833,0,,0
14176.3,1,2011,13.476136,,0,833,0,,0
14176.3,1,2012,18.157827,0,0,833,0,,0
14176.3,1,2013,15.888889,0,0,833,0,,0
1633.8907,.79069769,2009,6.0850167,,0,834,0,,0
1633.8907,.79069769,2010,4.5224204,,0,834,0,,0
1633.8907,.79069769,2011,5.4349208,,0,834,0,,0
1633.8907,.79069769,2012,5.6027775,0,0,834,0,,0
1633.8907,.79069769,2013,4.181818,0,0,834,0,,0
3481.3953,.98823529,2009,11.762963,,0,835,0,,0
3481.3953,.98823529,2010,9.7972221,,0,835,0,,0
3481.3953,.98823529,2011,10.640476,,0,835,0,,0
3481.3953,.98823529,2012,10.59537,0,0,835,0,,0
3481.3953,.98823529,2013,9.1111107,0,0,835,0,,0
17674.65,.89473683,2009,15.385648,,0,836,0,,0
17674.65,.89473683,2010,14.158333,,0,836,0,,0
17674.65,.89473683,2011,16.795834,,0,836,0,,0
17674.65,.89473683,2012,17.861111,0,0,836,0,,0
17674.65,.89473683,2013,16.222221,0,0,836,0,,0
2986.4041,.93939394,2009,13.400463,,0,837,0,,0
2986.4041,.93939394,2010,11.886905,,0,837,0,,0
2986.4041,.93939394,2011,12.391932,,0,837,0,,0
2986.4041,.93939394,2012,12.77803,0,0,837,0,,0
2986.4041,.93939394,2013,11.333333,0,0,837,0,,0
2858.4944,.98888886,2009,11.335649,,0,838,0,,0
2858.4944,.98888886,2010,9.6740742,,0,838,0,,0
2858.4944,.98888886,2011,10.500066,,0,838,0,,0
2858.4944,.98888886,2012,10.419252,0,0,838,0,,0
2858.4944,.98888886,2013,8.8888893,0,0,838,0,,0
4018.6848,.93150687,2009,10.199537,,0,839,0,,0
4018.6848,.93150687,2010,8.5458336,,0,839,0,,0
4018.6848,.93150687,2011,8.8236113,,0,839,0,,0
4018.6848,.93150687,2012,9.2555552,0,0,839,0,,0
4018.6848,.93150687,2013,7.875,0,0,839,0,,0
2853.261,.98913044,2009,11.101521,,0,840,0,,0
2853.261,.98913044,2010,9.6283731,,0,840,0,,0
2853.261,.98913044,2011,10.052579,,0,840,0,,0
2853.261,.98913044,2012,10.579967,0,0,840,0,,0
2853.261,.98913044,2013,9.3999996,0,0,840,0,,0
4742.0508,.98275864,2009,12.156944,,0,841,0,,0
4742.0508,.98275864,2010,10.2291,,0,841,0,,0
4742.0508,.98275864,2011,10.278241,,0,841,0,,0
4742.0508,.98275864,2012,11.141171,0,0,841,0,,0
4742.0508,.98275864,2013,9.6000004,0,0,841,0,,0
3273.3936,1,2009,9.1881609,,0,842,0,,0
3273.3936,1,2010,8.2601852,,0,842,0,,0
3273.3936,1,2011,8.4939814,,0,842,0,,0
3273.3936,1,2012,9.3133841,0,0,842,0,,0
3273.3936,1,2013,8,0,0,842,0,,0
2315.1841,.95200002,2009,8.0879631,,0,882,0,,0
2315.1841,.95200002,2010,7.4756312,,0,882,0,,0
2315.1841,.95200002,2011,7.7833333,,0,882,0,,0
2315.1841,.95200002,2012,8.9305553,0,0,882,0,,0
2315.1841,.95200002,2013,8.666667,0,0,882,0,,0
2826.0303,.9285714,2009,7.9513888,,0,883,0,,0
2826.0303,.9285714,2010,7.6402655,,0,883,0,,0
2826.0303,.9285714,2011,7.7009258,,0,883,0,,0
2826.0303,.9285714,2012,8.9943781,0,0,883,0,,0
2826.0303,.9285714,2013,8.333333,0,0,883,0,,0
9056,1,2009,11.972157,,0,884,0,,0
9056,1,2010,10.919156,,0,884,0,,0
9056,1,2011,11.139584,,0,884,0,,0
9056,1,2012,12.814154,0,0,884,0,,0
9056,1,2013,11.444445,0,0,884,0,,0
2277.644,.89655173,2009,10.099537,,0,885,0,,0
2277.644,.89655173,2010,9.0263348,,0,885,0,,0
2277.644,.89655173,2011,9.3419313,,0,885,0,,0
2277.644,.89655173,2012,10.026455,0,0,885,0,,0
2277.644,.89655173,2013,8.7777777,0,0,885,0,,0
2350.5354,.96799999,2009,10.325,,0,886,0,,0
2350.5354,.96799999,2010,9.6741886,,0,886,0,,0
2350.5354,.96799999,2011,9.5324078,,0,886,0,,0
2350.5354,.96799999,2012,10.806878,0,0,886,0,,0
2350.5354,.96799999,2013,9.5555553,0,0,886,0,,0
1987.6805,.88111889,2009,7.4462962,,0,887,0,,0
1987.6805,.88111889,2010,7.0489416,,0,887,0,,0
1987.6805,.88111889,2011,7.0981483,,0,887,0,,0
1987.6805,.88111889,2012,8.060648,0,0,887,0,,0
1987.6805,.88111889,2013,7.2222223,0,0,887,0,,0
3147.7185,.95098037,2009,8.8708334,,0,888,0,,0
3147.7185,.95098037,2010,8.1660891,,0,888,0,,0
3147.7185,.95098037,2011,8.6055555,,0,888,0,,0
3147.7185,.95098037,2012,9.343915,0,0,888,0,,0
3147.7185,.95098037,2013,8,0,0,888,0,,0
3661.7073,.91463417,2009,7.5201721,,0,889,0,,0
3661.7073,.91463417,2010,6.9480519,,0,889,0,,0
3661.7073,.91463417,2011,7.1606479,,0,889,0,,0
3661.7073,.91463417,2012,8.2485123,0,0,889,0,,0
3661.7073,.91463417,2013,7.4444447,0,0,889,0,,0
2848.6238,.91743118,2009,7.9444447,,0,890,0,,0
2848.6238,.91743118,2010,7.3017979,,0,890,0,,0
2848.6238,.91743118,2011,7.0490742,,0,890,0,,0
2848.6238,.91743118,2012,8.0049601,0,0,890,0,,0
2848.6238,.91743118,2013,7.2222223,0,0,890,0,,0
2666.604,.98000002,2009,8.4662695,,0,891,0,,0
2666.604,.98000002,2010,7.9050503,,0,891,0,,0
2666.604,.98000002,2011,8.2782402,,0,891,0,,0
2666.604,.98000002,2012,8.6812172,0,0,891,0,,0
2666.604,.98000002,2013,7.2222223,0,0,891,0,,0
2420.8584,.96581197,2009,4.4744048,,0,892,0,,0
2420.8584,.96581197,2010,4.2383118,,0,892,0,,0
2420.8584,.96581197,2011,4.5124998,,0,892,0,,0
2420.8584,.96581197,2012,4.8511362,0,0,892,0,,0
2420.8584,.96581197,2013,3.8888888,0,0,892,0,,0
2798.4949,.9285714,2009,8.1522484,,0,893,0,,0
2798.4949,.9285714,2010,7.2715368,,0,893,0,,0
2798.4949,.9285714,2011,7.720139,,0,893,0,,0
2798.4949,.9285714,2012,8.4794369,0,0,893,0,,0
2798.4949,.9285714,2013,7.3333335,0,0,893,0,,0
2667,.9245283,2009,12.203704,,0,894,0,,0
2667,.9245283,2010,10.601852,,0,894,0,,0
2667,.9245283,2011,11.776984,,0,894,0,,0
2667,.9245283,2012,12.629629,0,0,894,0,,0
2667,.9245283,2013,10.555555,0,0,894,0,,0
2413.3965,.92241377,2009,6.8381944,,0,895,0,,0
2413.3965,.92241377,2010,6.0812411,,0,895,0,,0
2413.3965,.92241377,2011,6.4837961,,0,895,0,,0
2413.3965,.92241377,2012,7.3482141,0,0,895,0,,0
2413.3965,.92241377,2013,6.2222223,0,0,895,0,,0
2685.823,.88181818,2009,6.0143518,,0,896,0,,0
2685.823,.88181818,2010,5.2688313,,0,896,0,,0
2685.823,.88181818,2011,5.8087964,,0,896,0,,0
2685.823,.88181818,2012,6.2327442,0,0,896,0,,0
2685.823,.88181818,2013,5.3333335,0,0,896,0,,0
2307.0825,.88990825,2009,7.2759261,,0,897,0,,0
2307.0825,.88990825,2010,6.1902809,,0,897,0,,0
2307.0825,.88990825,2011,6.9643517,,0,897,0,,0
2307.0825,.88990825,2012,7.7555556,0,0,897,0,,0
2307.0825,.88990825,2013,6.2222223,0,0,897,0,,0
4511.9063,.953125,2009,9.9861107,,0,898,0,,0
4511.9063,.953125,2010,8.4734783,,0,898,0,,0
4511.9063,.953125,2011,9.5432901,,0,898,0,,0
4511.9063,.953125,2012,10.52862,0,0,898,0,,0
4511.9063,.953125,2013,8.333333,0,0,898,0,,0
4430.6763,.94117647,2009,9.9646158,,0,899,0,,0
4430.6763,.94117647,2010,8.9417992,,0,899,0,,0
4430.6763,.94117647,2011,10.038889,,0,899,0,,0
4430.6763,.94117647,2012,10.857179,0,0,899,0,,0
4430.6763,.94117647,2013,9,0,0,899,0,,0
4542.6572,.98550725,2009,10.297024,,0,900,0,,0
4542.6572,.98550725,2010,8.7048607,,0,900,0,,0
4542.6572,.98550725,2011,9.012332,,0,900,0,,0
4542.6572,.98550725,2012,9.6991787,0,0,900,0,,0
4542.6572,.98550725,2013,8,0,0,900,0,,0
4709.1523,.96610171,2009,8.9328709,,0,901,0,,0
4709.1523,.96610171,2010,7.5621033,,0,901,0,,0
4709.1523,.96610171,2011,7.7753248,,0,901,0,,0
4709.1523,.96610171,2012,8.1996756,0,0,901,0,,0
4709.1523,.96610171,2013,6.875,0,0,901,0,,0
2046.0294,.92647058,2009,8.1441135,,0,902,0,,0
2046.0294,.92647058,2010,7.063889,,0,902,0,,0
2046.0294,.92647058,2011,7.8023992,,0,902,0,,0
2046.0294,.92647058,2012,9.0187225,0,0,902,0,,0
2046.0294,.92647058,2013,7.4444447,0,0,902,0,,0
2494.3088,.95041323,2009,7.3732142,,0,903,0,,0
2494.3088,.95041323,2010,6.3945708,,0,903,0,,0
2494.3088,.95041323,2011,6.8060184,,0,903,0,,0
2494.3088,.95041323,2012,7.4386907,0,0,903,0,,0
2494.3088,.95041323,2013,5.8888888,0,0,903,0,,0
2553.4158,.92929292,2009,10.208333,,0,904,0,,0
2553.4158,.92929292,2010,8.8490314,,0,904,0,,0
2553.4158,.92929292,2011,8.9657402,,0,904,0,,0
2553.4158,.92929292,2012,9.5742064,0,0,904,0,,0
2553.4158,.92929292,2013,8,0,0,904,0,,0
2973.29,.93814433,2009,9.3192129,,0,905,0,,0
2973.29,.93814433,2010,8.3824072,,0,905,0,,0
2973.29,.93814433,2011,8.4245367,,0,905,0,,0
2973.29,.93814433,2012,9.0791664,0,0,905,0,,0
2973.29,.93814433,2013,7.6999998,0,0,905,0,,0
2731.5767,.97297299,2009,7.5138888,,0,906,0,,0
2731.5767,.97297299,2010,6.7287035,,0,906,0,,0
2731.5767,.97297299,2011,6.7022305,,0,906,0,,0
2731.5767,.97297299,2012,6.9936509,0,0,906,0,,0
2731.5767,.97297299,2013,6,0,0,906,0,,0
2159.519,.9147287,2009,9.5393515,,0,907,0,,0
2159.519,.9147287,2010,8.1983042,,0,907,0,,0
2159.519,.9147287,2011,7.6171298,,0,907,0,,0
2159.519,.9147287,2012,8.2416668,0,0,907,0,,0
2159.519,.9147287,2013,6.6999998,0,0,907,0,,0
2863.5288,.97087377,2009,7.595767,,0,908,0,,0
2863.5288,.97087377,2010,6.4569445,,0,908,0,,0
2863.5288,.97087377,2011,6.2384262,,0,908,0,,0
2863.5288,.97087377,2012,7.4035172,0,0,908,0,,0
2863.5288,.97087377,2013,6.4000001,0,0,908,0,,0
3272.4092,.97674417,2009,8.0504627,,0,909,0,,0
3272.4092,.97674417,2010,6.9856482,,0,909,0,,0
3272.4092,.97674417,2011,7.0382576,,0,909,0,,0
3272.4092,.97674417,2012,7.8992424,0,0,909,0,,0
3272.4092,.97674417,2013,6.3000002,0,0,909,0,,0
3101.9678,1,2009,7.7060184,,0,910,0,,0
3101.9678,1,2010,6.6001983,,0,910,0,,0
3101.9678,1,2011,6.5278196,,0,910,0,,0
3101.9678,1,2012,6.9208155,0,0,910,0,,0
3101.9678,1,2013,5.8888888,0,0,910,0,,0
3550.342,.98666668,2009,8.220602,,0,911,0,,0
3550.342,.98666668,2010,7.3530092,,0,911,0,,0
3550.342,.98666668,2011,7.4879627,,0,911,0,,0
3550.342,.98666668,2012,8.2856064,0,0,911,0,,0
3550.342,.98666668,2013,7,0,0,911,0,,0
3727.5066,.92105263,2009,8.5843258,,0,912,0,,0
3727.5066,.92105263,2010,7.8074074,,0,912,0,,0
3727.5066,.92105263,2011,7.8361111,,0,912,0,,0
3727.5066,.92105263,2012,8.5688133,0,0,912,0,,0
3727.5066,.92105263,2013,7.4444447,0,0,912,0,,0
3070.8462,.94444442,2009,8.5879631,,0,913,0,,0
3070.8462,.94444442,2010,7.8282409,,0,913,0,,0
3070.8462,.94444442,2011,7.6981483,,0,913,0,,0
3070.8462,.94444442,2012,8.816865,0,0,913,0,,0
3070.8462,.94444442,2013,7.2222223,0,0,913,0,,0
3160.092,.97333336,2009,11.113756,,0,914,0,,0
3160.092,.97333336,2010,10.203704,,0,914,0,,0
3160.092,.97333336,2011,10.198149,,0,914,0,,0
3160.092,.97333336,2012,11.428572,0,0,914,0,,0
3160.092,.97333336,2013,9.8999996,0,0,914,0,,0
3901.5273,.96226418,2009,10.416667,,0,917,0,,0
3901.5273,.96226418,2010,9.4611111,,0,917,0,,0
3901.5273,.96226418,2011,9.7250004,,0,917,0,,0
3901.5273,.96226418,2012,10.356818,0,0,917,0,,0
3901.5273,.96226418,2013,8.6000004,0,0,917,0,,0
2970.4324,.95454544,2009,9.229167,,0,918,0,,0
2970.4324,.95454544,2010,7.626852,,0,918,0,,0
2970.4324,.95454544,2011,8.063426,,0,918,0,,0
2970.4324,.95454544,2012,8.4166126,0,0,918,0,,0
2970.4324,.95454544,2013,6.9045453,0,0,918,0,,0
1438.0153,.58974361,2009,5.6125002,,0,919,0,,0
1438.0153,.58974361,2010,4.6115742,,0,919,0,,0
1438.0153,.58974361,2011,5.4555554,,0,919,0,,0
1438.0153,.58974361,2012,5.25,0,0,919,0,,0
1438.0153,.58974361,2013,3.5999999,0,0,919,0,,0
3548.8333,.80281693,2009,5.5370369,,0,920,2012,2012,1
3548.8333,.80281693,2010,4.9750662,,0,920,2012,2012,1
3548.8333,.80281693,2011,5.665278,,0,920,2012,2012,1
3548.8333,.80281693,2012,5.8164682,.0099999998,.0099999998,920,2012,2012,1
3548.8333,.80281693,2013,4,0,0,920,2012,2012,1
5364.146,.95833331,2009,6.8638887,,0,921,0,,0
5364.146,.95833331,2010,5.7555556,,0,921,0,,0
5364.146,.95833331,2011,6.1342592,,0,921,0,,0
5364.146,.95833331,2012,6.4023809,0,0,921,0,,0
5364.146,.95833331,2013,5,0,0,921,0,,0
18088.789,1,2009,8.166667,,0,922,0,,0
18088.789,1,2010,7.062963,,0,922,0,,0
18088.789,1,2011,7.3587961,,0,922,0,,0
18088.789,1,2012,8.5805559,0,0,922,0,,0
18088.789,1,2013,7.6999998,0,0,922,0,,0
2937.0698,.98837209,2009,9.5597219,,0,923,0,,0
2937.0698,.98837209,2010,8.036706,,0,923,0,,0
2937.0698,.98837209,2011,7.937037,,0,923,0,,0
2937.0698,.98837209,2012,9.2159452,0,0,923,0,,0
2937.0698,.98837209,2013,7.5999999,0,0,923,0,,0
2712.3838,.95918369,2009,8.8432541,,0,924,0,,0
2712.3838,.95918369,2010,7.4576721,,0,924,0,,0
2712.3838,.95918369,2011,7.6134262,,0,924,0,,0
2712.3838,.95918369,2012,8.6315651,0,0,924,0,,0
2712.3838,.95918369,2013,7.2222223,0,0,924,0,,0
3433.4722,.97222221,2009,6.9727511,,0,925,0,,0
3433.4722,.97222221,2010,5.9179893,,0,925,0,,0
3433.4722,.97222221,2011,6.136508,,0,925,0,,0
3433.4722,.97222221,2012,6.8903317,0,0,925,0,,0
3433.4722,.97222221,2013,5.6681819,0,0,925,0,,0
3250.2197,.97777778,2009,8.3373013,,0,926,0,,0
3250.2197,.97777778,2010,6.9833994,,0,926,0,,0
3250.2197,.97777778,2011,6.8259258,,0,926,0,,0
3250.2197,.97777778,2012,7.6550922,0,0,926,0,,0
3250.2197,.97777778,2013,6.9000001,0,0,926,0,,0
8382.5947,.88571429,2009,6.6689816,,0,927,0,,0
8382.5947,.88571429,2010,5.4035716,,0,927,0,,0
8382.5947,.88571429,2011,7.0990744,,0,927,0,,0
8382.5947,.88571429,2012,7.0416665,0,0,927,0,,0
8382.5947,.88571429,2013,5,0,0,927,0,,0
2414.9185,.83673471,2009,5.0625,,0,928,0,,0
2414.9185,.83673471,2010,3.9879329,,0,928,0,,0
2414.9185,.83673471,2011,5.1105819,,0,928,0,,0
2414.9185,.83673471,2012,5.2524834,0,0,928,0,,0
2414.9185,.83673471,2013,3.9000001,0,0,928,0,,0
680.57819,.40412372,2009,5.4472222,,0,929,2012,2012,1
680.57819,.40412372,2010,3.8511364,,0,929,2012,2012,1
680.57819,.40412372,2011,5.2037039,,0,929,2012,2012,1
680.57819,.40412372,2012,4.8156567,.02,.02,929,2012,2012,1
680.57819,.40412372,2013,3.4000001,0,0,929,2012,2012,1
2482.9019,.81818181,2009,5.0092592,,0,930,2012,2012,1
2482.9019,.81818181,2010,4.8648148,,0,930,2012,2012,1
2482.9019,.81818181,2011,4.3918648,,0,930,2012,2012,1
2482.9019,.81818181,2012,5.4255052,.56,.56,930,2012,2012,1
2482.9019,.81818181,2013,4.7272725,1.13,1.13,930,2012,2012,1
1389.3875,.66315788,2009,4.9927249,,0,931,2012,2012,1
1389.3875,.66315788,2010,4.617857,,0,931,2012,2012,1
1389.3875,.66315788,2011,4.2268519,,0,931,2012,2012,1
1389.3875,.66315788,2012,5.1070347,.14,.14,931,2012,2012,1
1389.3875,.66315788,2013,4.5833335,.47,.47,931,2012,2012,1
1175.1172,.63865548,2009,5.9186506,,0,932,2012,2012,1
1175.1172,.63865548,2010,5.376389,,0,932,2012,2012,1
1175.1172,.63865548,2011,5.4490743,,0,932,2012,2012,1
1175.1172,.63865548,2012,5.8154764,1.5700001,1.5700001,932,2012,2012,1
1175.1172,.63865548,2013,5.0769229,3.4100001,3.4100001,932,2012,2012,1
6709.1777,.95454544,2009,8.8941803,,0,934,2012,2012,1
6709.1777,.95454544,2010,7.4833336,,0,934,2012,2012,1
6709.1777,.95454544,2011,7.5745373,,0,934,2012,2012,1
6709.1777,.95454544,2012,8.1599932,.18000001,.18000001,934,2012,2012,1
6709.1777,.95454544,2013,7.6153846,2.8,2.8,934,2012,2012,1
1426.9874,.73885351,2009,7.1861773,,0,935,2012,2012,1
1426.9874,.73885351,2010,5.9510584,,0,935,2012,2012,1
1426.9874,.73885351,2011,6.001852,,0,935,2012,2012,1
1426.9874,.73885351,2012,5.946753,.07,.07,935,2012,2012,1
1426.9874,.73885351,2013,5.0769229,3.1700001,3.1700001,935,2012,2012,1
1789.3976,.83132529,2009,7.9907408,,0,936,2012,2012,1
1789.3976,.83132529,2010,7.0598545,,0,936,2012,2012,1
1789.3976,.83132529,2011,7.516468,,0,936,2012,2012,1
1789.3976,.83132529,2012,8.1324015,.19,.19,936,2012,2012,1
1789.3976,.83132529,2013,6.6410255,.73000002,.73000002,936,2012,2012,1
1432.8268,.75842696,2009,6.1454368,,0,937,2012,2012,1
1432.8268,.75842696,2010,5.3666668,,0,937,2012,2012,1
1432.8268,.75842696,2011,5.9294972,,0,937,2012,2012,1
1432.8268,.75842696,2012,5.7935786,.69999999,.69999999,937,2012,2012,1
1432.8268,.75842696,2013,5.0769229,3.28,3.28,937,2012,2012,1
1684.3772,.89080459,2009,7.1646824,,0,938,2012,2012,1
1684.3772,.89080459,2010,6.2444444,,0,938,2012,2012,1
1684.3772,.89080459,2011,6.5731483,,0,938,2012,2012,1
1684.3772,.89080459,2012,6.5087299,.14,.14,938,2012,2012,1
1684.3772,.89080459,2013,5.6153846,.52999997,.52999997,938,2012,2012,1
635.32214,.36597937,2009,4.0202379,,0,940,2012,2012,1
635.32214,.36597937,2010,3.574074,,0,940,2012,2012,1
635.32214,.36597937,2011,4.1606483,,0,940,2012,2012,1
635.32214,.36597937,2012,4.3011365,.02,.02,940,2012,2012,1
635.32214,.36597937,2013,3.6923077,0,0,940,2012,2012,1
1875.9829,.75862068,2009,6.5574074,,0,941,0,,0
1875.9829,.75862068,2010,5.6555557,,0,941,0,,0
1875.9829,.75862068,2011,5.7531748,,0,941,0,,0
1875.9829,.75862068,2012,5.6559887,0,0,941,0,,0
1875.9829,.75862068,2013,4.9230771,0,0,941,0,,0
1129.3694,.53393668,2009,5.2541666,,0,942,0,,0
1129.3694,.53393668,2010,4.5235453,,0,942,0,,0
1129.3694,.53393668,2011,4.7763891,,0,942,0,,0
1129.3694,.53393668,2012,5.0063133,0,0,942,0,,0
1129.3694,.53393668,2013,4.1538463,0,0,942,0,,0
2017.3334,.7986111,2009,6.3648148,,0,943,0,,0
2017.3334,.7986111,2010,5.8187828,,0,943,0,,0
2017.3334,.7986111,2011,5.9226189,,0,943,0,,0
2017.3334,.7986111,2012,5.8942504,0,0,943,0,,0
2017.3334,.7986111,2013,5.3076925,0,0,943,0,,0
1762.5862,.88111889,2009,6.3054233,,0,944,0,,0
1762.5862,.88111889,2010,5.5092592,,0,944,0,,0
1762.5862,.88111889,2011,6.1523147,,0,944,0,,0
1762.5862,.88111889,2012,6,0,0,944,0,,0
1762.5862,.88111889,2013,5.25,0,0,944,0,,0
1533.1138,.82530123,2009,6.2074075,,0,945,0,,0
1533.1138,.82530123,2010,5.705688,,0,945,0,,0
1533.1138,.82530123,2011,5.9250002,,0,945,0,,0
1533.1138,.82530123,2012,5.8324995,0,0,945,0,,0
1533.1138,.82530123,2013,5.0769229,0,0,945,0,,0
2234.6316,.85585588,2009,7.573545,,0,946,2012,2012,1
2234.6316,.85585588,2010,6.825397,,0,946,2012,2012,1
2234.6316,.85585588,2011,7.0995369,,0,946,2012,2012,1
2234.6316,.85585588,2012,6.8773627,.1,.1,946,2012,2012,1
2234.6316,.85585588,2013,6.1666665,0,0,946,2012,2012,1
13255.137,.94999999,2009,11.718254,,0,947,0,,0
13255.137,.94999999,2010,11.332805,,0,947,0,,0
13255.137,.94999999,2011,11.216666,,0,947,0,,0
13255.137,.94999999,2012,11.395021,0,0,947,0,,0
13255.137,.94999999,2013,11.157051,0,0,947,0,,0
1875.1812,.83823532,2009,7.209722,,0,948,2012,2012,1
1875.1812,.83823532,2010,6.6210318,,0,948,2012,2012,1
1875.1812,.83823532,2011,6.936111,,0,948,2012,2012,1
1875.1812,.83823532,2012,6.7545094,.02,.02,948,2012,2012,1
1875.1812,.83823532,2013,5.9166665,0,0,948,2012,2012,1
2969.0125,.88749999,2009,14.440741,,0,949,2012,2012,1
2969.0125,.88749999,2010,12.616899,,0,949,2012,2012,1
2969.0125,.88749999,2011,12.338955,,0,949,2012,2012,1
2969.0125,.88749999,2012,13.137383,.090000004,.090000004,949,2012,2012,1
2969.0125,.88749999,2013,12.198718,0,0,949,2012,2012,1
2142.4597,.88617885,2009,7.0990744,,0,955,2012,2012,1
2142.4597,.88617885,2010,5.7396827,,0,955,2012,2012,1
2142.4597,.88617885,2011,6.3310184,,0,955,2012,2012,1
2142.4597,.88617885,2012,6.8959236,.5,.5,955,2012,2012,1
2142.4597,.88617885,2013,5.5454545,0,0,955,2012,2012,1
1582.2169,.72289157,2009,7.2800927,,0,956,2012,2012,1
1582.2169,.72289157,2010,6.1447749,,0,956,2012,2012,1
1582.2169,.72289157,2011,6.9229498,,0,956,2012,2012,1
1582.2169,.72289157,2012,6.9745255,.02,.02,956,2012,2012,1
1582.2169,.72289157,2013,5.6363635,0,0,956,2012,2012,1
245.28706,.10970797,2009,3.9963624,,0,957,2012,2012,1
245.28706,.10970797,2010,3.3542328,,0,957,2012,2012,1
245.28706,.10970797,2011,3.8835318,,0,957,2012,2012,1
245.28706,.10970797,2012,4.1162262,.0099999998,.0099999998,957,2012,2012,1
245.28706,.10970797,2013,3.4166667,0,0,957,2012,2012,1
305.42322,.13779129,2009,3.9160714,,0,958,2012,2012,1
305.42322,.13779129,2010,3.2916667,,0,958,2012,2012,1
305.42322,.13779129,2011,3.9837964,,0,958,2012,2012,1
305.42322,.13779129,2012,4.2034092,.0099999998,.0099999998,958,2012,2012,1
305.42322,.13779129,2013,3.25,0,0,958,2012,2012,1
4331.459,.93220341,2009,15.210185,,0,959,2012,2012,1
4331.459,.93220341,2010,12.766137,,0,959,2012,2012,1
4331.459,.93220341,2011,12.134259,,0,959,2012,2012,1
4331.459,.93220341,2012,12.748377,1.62,1.62,959,2012,2012,1
4331.459,.93220341,2013,12.083333,2.0799999,2.0799999,959,2012,2012,1
2545.7834,.93333334,2009,23.52037,,0,960,2012,2012,1
2545.7834,.93333334,2010,19.81875,,0,960,2012,2012,1
2545.7834,.93333334,2011,16.963459,,0,960,2012,2012,1
2545.7834,.93333334,2012,16.976822,.090000004,.090000004,960,2012,2012,1
2545.7834,.93333334,2013,16.038462,0,0,960,2012,2012,1
2552.0125,.91250002,2009,10.948843,,0,961,2012,2012,1
2552.0125,.91250002,2010,10.070833,,0,961,2012,2012,1
2552.0125,.91250002,2011,11.286343,,0,961,2012,2012,1
2552.0125,.91250002,2012,11.849928,4.4099998,4.4099998,961,2012,2012,1
2552.0125,.91250002,2013,10.25,7.1199999,7.1199999,961,2012,2012,1
3368.7046,.98837209,2009,7.7330027,,0,962,2012,2012,1
3368.7046,.98837209,2010,6.9353175,,0,962,2012,2012,1
3368.7046,.98837209,2011,7.6208992,,0,962,2012,2012,1
3368.7046,.98837209,2012,8.1700335,5.1300001,5.1300001,962,2012,2012,1
3368.7046,.98837209,2013,7.25,9.1099997,9.1099997,962,2012,2012,1
2476.2744,.74000001,2009,6.561111,,0,963,2012,2012,1
2476.2744,.74000001,2010,5.5888886,,0,963,2012,2012,1
2476.2744,.74000001,2011,5.5800924,,0,963,2012,2012,1
2476.2744,.74000001,2012,6.3169193,.079999998,.079999998,963,2012,2012,1
2476.2744,.74000001,2013,5.090909,.22,.22,963,2012,2012,1
3759.9473,.77659577,2009,7.189815,,0,964,2012,2012,1
3759.9473,.77659577,2010,6.3518519,,0,964,2012,2012,1
3759.9473,.77659577,2011,6.6396828,,0,964,2012,2012,1
3759.9473,.77659577,2012,7.2416124,2.0799999,2.0799999,964,2012,2012,1
3759.9473,.77659577,2013,6.5833335,2.6700001,2.6700001,964,2012,2012,1
6119.3555,.97777778,2009,11.261045,,0,966,2012,2012,1
6119.3555,.97777778,2010,9.7288361,,0,966,2012,2012,1
6119.3555,.97777778,2011,9.3712959,,0,966,2012,2012,1
6119.3555,.97777778,2012,10.314331,3.8699999,3.8699999,966,2012,2012,1
6119.3555,.97777778,2013,10.181818,3.1900001,3.1900001,966,2012,2012,1
8093.4287,1,2009,15.805555,,0,968,2012,2012,1
8093.4287,1,2010,14.266666,,0,968,2012,2012,1
8093.4287,1,2011,14.627315,,0,968,2012,2012,1
8093.4287,1,2012,14.701388,.86000001,.86000001,968,2012,2012,1
8093.4287,1,2013,14.545455,.17,.17,968,2012,2012,1
5996.5801,1,2009,7.021131,,0,972,2012,2012,1
5996.5801,1,2010,6.4124999,,0,972,2012,2012,1
5996.5801,1,2011,6.8730159,,0,972,2012,2012,1
5996.5801,1,2012,7.4234009,.19,.19,972,2012,2012,1
5996.5801,1,2013,7.0999999,0,0,972,2012,2012,1
6088.7046,1,2009,9.2146168,,0,973,2012,2012,1
6088.7046,1,2010,8.4299965,,0,973,2012,2012,1
6088.7046,1,2011,10.154762,,0,973,2012,2012,1
6088.7046,1,2012,9.5170031,.15000001,.15000001,973,2012,2012,1
6088.7046,1,2013,9.5,0,0,973,2012,2012,1
6031.2729,1,2009,10.067989,,0,974,2012,2012,1
6031.2729,1,2010,9.4011726,,0,974,2012,2012,1
6031.2729,1,2011,9.9122028,,0,974,2012,2012,1
6031.2729,1,2012,10.93278,.050000001,.050000001,974,2012,2012,1
6031.2729,1,2013,12,0,0,974,2012,2012,1
4389.4038,.98076922,2009,10.300165,,0,975,0,,0
4389.4038,.98076922,2010,8.5096951,,0,975,0,,0
4389.4038,.98076922,2011,8.2023811,,0,975,0,,0
4389.4038,.98076922,2012,8.6942997,0,0,975,0,,0
4389.4038,.98076922,2013,8.6000004,0,0,975,0,,0
462.9053,.24098672,2009,4.3847222,,0,982,0,,0
462.9053,.24098672,2010,3.3624458,,0,982,0,,0
462.9053,.24098672,2011,4.5736113,,0,982,0,,0
462.9053,.24098672,2012,4.2933621,0,0,982,0,,0
462.9053,.24098672,2013,3.3,0,0,982,0,,0
4542.6138,.97727275,2009,14.49537,,0,983,2012,2012,1
4542.6138,.97727275,2010,13.243462,,0,983,2012,2012,1
4542.6138,.97727275,2011,12.037037,,0,983,2012,2012,1
4542.6138,.97727275,2012,11.827705,1.11,1.11,983,2012,2012,1
4542.6138,.97727275,2013,13.833334,0,0,983,2012,2012,1
5070.0981,.98039216,2009,12.156548,,0,984,2012,2012,1
5070.0981,.98039216,2010,10.622475,,0,984,2012,2012,1
5070.0981,.98039216,2011,10.48049,,0,984,2012,2012,1
5070.0981,.98039216,2012,10.954365,2,2,984,2012,2012,1
5070.0981,.98039216,2013,11.2,0,0,984,2012,2012,1
4582.7998,1,2009,9.2240744,,0,985,2012,2012,1
4582.7998,1,2010,8.7226734,,0,985,2012,2012,1
4582.7998,1,2011,9.1592588,,0,985,2012,2012,1
4582.7998,1,2012,9.5923519,.079999998,.079999998,985,2012,2012,1
4582.7998,1,2013,9.1000004,0,0,985,2012,2012,1
5876.5498,1,2009,9.7888889,,0,986,2012,2012,1
5876.5498,1,2010,8.9979706,,0,986,2012,2012,1
5876.5498,1,2011,8.984127,,0,986,2012,2012,1
5876.5498,1,2012,9.6828041,.18000001,.18000001,986,2012,2012,1
5876.5498,1,2013,9.6000004,0,0,986,2012,2012,1
10752.45,1,2009,7.8416667,,0,987,2012,2012,1
10752.45,1,2010,7.2760644,,0,987,2012,2012,1
10752.45,1,2011,7.5565476,,0,987,2012,2012,1
10752.45,1,2012,7.7777777,.18000001,.18000001,987,2012,2012,1
10752.45,1,2013,7.5,0,0,987,2012,2012,1
11655.08,1,2009,8.8389549,,0,988,2012,2012,1
11655.08,1,2010,8.0296717,,0,988,2012,2012,1
11655.08,1,2011,8.4943781,,0,988,2012,2012,1
11655.08,1,2012,9.2446795,.18000001,.18000001,988,2012,2012,1
11655.08,1,2013,9.909091,0,0,988,2012,2012,1
4393.5938,.96875,2009,10.560846,,0,989,2012,2012,1
4393.5938,.96875,2010,9.3177404,,0,989,2012,2012,1
4393.5938,.96875,2011,9.1655092,,0,989,2012,2012,1
4393.5938,.96875,2012,9.3188133,.89999998,.89999998,989,2012,2012,1
4393.5938,.96875,2013,9.1999998,0,0,989,2012,2012,1
7013.4873,1,2009,11.658069,,0,990,2012,2012,1
7013.4873,1,2010,10.809254,,0,990,2012,2012,1
7013.4873,1,2011,11.409722,,0,990,2012,2012,1
7013.4873,1,2012,11.537914,.2,.2,990,2012,2012,1
7013.4873,1,2013,10.7,0,0,990,2012,2012,1
7047.0269,1,2009,11.322751,,0,991,2012,2012,1
7047.0269,1,2010,9.9226189,,0,991,2012,2012,1
7047.0269,1,2011,10.087963,,0,991,2012,2012,1
7047.0269,1,2012,9.8916664,3.9300001,3.9300001,991,2012,2012,1
7047.0269,1,2013,11.4,0,0,991,2012,2012,1
3401.6267,.93333334,2009,7.7414021,,0,992,2012,2012,1
3401.6267,.93333334,2010,7.4279885,,0,992,2012,2012,1
3401.6267,.93333334,2011,7.8974867,,0,992,2012,2012,1
3401.6267,.93333334,2012,7.9871483,1,1,992,2012,2012,1
3401.6267,.93333334,2013,7.8000002,0,0,992,2012,2012,1
4074.2813,.92063493,2009,9.5956345,,0,995,2012,2012,1
4074.2813,.92063493,2010,8.2600832,,0,995,2012,2012,1
4074.2813,.92063493,2011,7.8363094,,0,995,2012,2012,1
4074.2813,.92063493,2012,8.0528202,.13,.13,995,2012,2012,1
4074.2813,.92063493,2013,7.6999998,0,0,995,2012,2012,1
1958.3309,.61971831,2009,6.53373,,0,996,2012,2012,1
1958.3309,.61971831,2010,4.960516,,0,996,2012,2012,1
1958.3309,.61971831,2011,5.6828704,,0,996,2012,2012,1
1958.3309,.61971831,2012,5.4564815,.0099999998,.0099999998,996,2012,2012,1
1958.3309,.61971831,2013,4.5,0,0,996,2012,2012,1
4022.4531,.98412699,2009,8.1617069,,0,998,0,,0
4022.4531,.98412699,2010,6.9685187,,0,998,0,,0
4022.4531,.98412699,2011,7.2009258,,0,998,0,,0
4022.4531,.98412699,2012,7.8333335,0,0,998,0,,0
4022.4531,.98412699,2013,7.3000002,0,0,998,0,,0
2919.6528,.8888889,2009,14.062169,,0,1000,2012,2012,1
2919.6528,.8888889,2010,12.814947,,0,1000,2012,2012,1
2919.6528,.8888889,2011,11.419908,,0,1000,2012,2012,1
2919.6528,.8888889,2012,12.22791,.31999999,.31999999,1000,2012,2012,1
2919.6528,.8888889,2013,11.909091,0,0,1000,2012,2012,1
3679.4927,.78260869,2009,10.485946,,0,1001,2012,2012,1
3679.4927,.78260869,2010,8.8362103,,0,1001,2012,2012,1
3679.4927,.78260869,2011,8.6263227,,0,1001,2012,2012,1
3679.4927,.78260869,2012,9.4481478,3.3,3.3,1001,2012,2012,1
3679.4927,.78260869,2013,8.909091,0,0,1001,2012,2012,1
2654.3958,.9375,2009,10.376158,,0,1002,2012,2012,1
2654.3958,.9375,2010,8.9076385,,0,1002,2012,2012,1
2654.3958,.9375,2011,9.1560183,,0,1002,2012,2012,1
2654.3958,.9375,2012,9.8301773,.44,.44,1002,2012,2012,1
2654.3958,.9375,2013,9.818182,0,0,1002,2012,2012,1
2323.4756,.83950615,2009,8.8773146,,0,1003,2012,2012,1
2323.4756,.83950615,2010,7.2664022,,0,1003,2012,2012,1
2323.4756,.83950615,2011,7.5625663,,0,1003,2012,2012,1
2323.4756,.83950615,2012,8.2723064,.059999999,.059999999,1003,2012,2012,1
2323.4756,.83950615,2013,7.9000001,0,0,1003,2012,2012,1
7253.9473,.97368419,2009,5.9697418,,0,1004,0,,0
7253.9473,.97368419,2010,5.7814813,,0,1004,0,,0
7253.9473,.97368419,2011,6.6423612,,0,1004,0,,0
7253.9473,.97368419,2012,7.9899831,0,0,1004,0,,0
7253.9473,.97368419,2013,7.909091,0,0,1004,0,,0
3395.7876,.94999999,2009,6.3325396,,0,1005,0,,0
3395.7876,.94999999,2010,5.7520833,,0,1005,0,,0
3395.7876,.94999999,2011,6.2474208,,0,1005,0,,0
3395.7876,.94999999,2012,7.0378308,0,0,1005,0,,0
3395.7876,.94999999,2013,6.7272725,0,0,1005,0,,0
3410.6667,.94444442,2009,9.0465279,,0,1012,0,,0
3410.6667,.94444442,2010,7.6428571,,0,1012,0,,0
3410.6667,.94444442,2011,7.9406085,,0,1012,0,,0
3410.6667,.94444442,2012,8.6103354,0,0,1012,0,,0
3410.6667,.94444442,2013,8,0,0,1012,0,,0
3532.7144,.93421054,2009,11.44709,,0,1013,0,,0
3532.7144,.93421054,2010,9.4384918,,0,1013,0,,0
3532.7144,.93421054,2011,9.6388893,,0,1013,0,,0
3532.7144,.93421054,2012,11.333995,0,0,1013,0,,0
3532.7144,.93421054,2013,9.636364,0,0,1013,0,,0
3546.2764,.9868421,2009,8.765542,,0,1014,0,,0
3546.2764,.9868421,2010,7.2926588,,0,1014,0,,0
3546.2764,.9868421,2011,7.3344574,,0,1014,0,,0
3546.2764,.9868421,2012,7.9174242,0,0,1014,0,,0
3546.2764,.9868421,2013,7.1999998,0,0,1014,0,,0
3970.5781,.984375,2009,11.89074,,0,1018,0,,0
3970.5781,.984375,2010,10.127381,,0,1018,0,,0
3970.5781,.984375,2011,10.957805,,0,1018,0,,0
3970.5781,.984375,2012,10.639856,0,0,1018,0,,0
3970.5781,.984375,2013,10.190909,0,0,1018,0,,0
6309.8374,1,2009,7.655159,,0,1019,0,,0
6309.8374,1,2010,6.7129631,,0,1019,0,,0
6309.8374,1,2011,7.1976852,,0,1019,0,,0
6309.8374,1,2012,7.8638887,0,0,1019,0,,0
6309.8374,1,2013,7.4545455,0,0,1019,0,,0
11613.154,1,2009,13.71756,,0,1020,0,,0
11613.154,1,2010,12.124901,,0,1020,0,,0
11613.154,1,2011,13.210284,,0,1020,0,,0
11613.154,1,2012,12.62923,0,0,1020,0,,0
11613.154,1,2013,11.636364,0,0,1020,0,,0
8620.5186,.96296299,2009,9.5725527,,0,1021,2012,2012,1
8620.5186,.96296299,2010,8.4240742,,0,1021,2012,2012,1
8620.5186,.96296299,2011,8.7611113,,0,1021,2012,2012,1
8620.5186,.96296299,2012,10.094048,2.0599999,2.0599999,1021,2012,2012,1
8620.5186,.96296299,2013,9.5,13.99,13.99,1021,2012,2012,1
4163.2651,.97959185,2009,8.5226851,,0,1022,2012,2012,1
4163.2651,.97959185,2010,7.5056219,,0,1022,2012,2012,1
4163.2651,.97959185,2011,8.665741,,0,1022,2012,2012,1
4163.2651,.97959185,2012,9.0287037,.5,.5,1022,2012,2012,1
4163.2651,.97959185,2013,8.1000004,7.6500001,7.6500001,1022,2012,2012,1
7969.3716,.97142857,2009,11.60926,,0,1025,2012,2012,1
7969.3716,.97142857,2010,10.803241,,0,1025,2012,2012,1
7969.3716,.97142857,2011,10.988426,,0,1025,2012,2012,1
7969.3716,.97142857,2012,12.095598,.15000001,.15000001,1025,2012,2012,1
7969.3716,.97142857,2013,11.3,.79000002,.79000002,1025,2012,2012,1
10061.704,1,2009,10.313162,,0,1026,0,,0
10061.704,1,2010,8.8412695,,0,1026,0,,0
10061.704,1,2011,9.0417442,,0,1026,0,,0
10061.704,1,2012,9.9070463,0,0,1026,0,,0
10061.704,1,2013,8.9499998,0,0,1026,0,,0
5112.6816,1,2009,10.235119,,0,1027,0,,0
5112.6816,1,2010,8.2301588,,0,1027,0,,0
5112.6816,1,2011,8.7459297,,0,1027,0,,0
5112.6816,1,2012,9.3414021,0,0,1027,0,,0
5112.6816,1,2013,8.3999996,0,0,1027,0,,0
4085.3552,.92105263,2009,6.767725,,0,1028,0,,0
4085.3552,.92105263,2010,5.6339946,,0,1028,0,,0
4085.3552,.92105263,2011,5.8103809,,0,1028,0,,0
4085.3552,.92105263,2012,6.4353175,0,0,1028,0,,0
4085.3552,.92105263,2013,5.6999998,0,0,1028,0,,0
7613.9048,.97560978,2009,8.9419308,,0,1029,0,,0
7613.9048,.97560978,2010,7.2715607,,0,1029,0,,0
7613.9048,.97560978,2011,7.4329486,,0,1029,0,,0
7613.9048,.97560978,2012,8.4359303,0,0,1029,0,,0
7613.9048,.97560978,2013,7.3000002,0,0,1029,0,,0
6319.6328,.95918369,2009,5.5066137,,0,1030,0,,0
6319.6328,.95918369,2010,4.9780426,,0,1030,0,,0
6319.6328,.95918369,2011,5.4755893,,0,1030,0,,0
6319.6328,.95918369,2012,6.1339226,0,0,1030,0,,0
6319.6328,.95918369,2013,5.0999999,0,0,1030,0,,0
3044.7241,.77011496,2009,4.9617062,,0,1031,0,,0
3044.7241,.77011496,2010,4.3289561,,0,1031,0,,0
3044.7241,.77011496,2011,4.3273149,,0,1031,0,,0
3044.7241,.77011496,2012,4.9345236,0,0,1031,0,,0
3044.7241,.77011496,2013,3.8888888,0,0,1031,0,,0
2412.4824,.95614034,2009,6.4532466,,0,1032,2012,2012,1
2412.4824,.95614034,2010,5.1426587,,0,1032,2012,2012,1
2412.4824,.95614034,2011,5.2962961,,0,1032,2012,2012,1
2412.4824,.95614034,2012,5.9702382,.02,.02,1032,2012,2012,1
2412.4824,.95614034,2013,5,.0099999998,.0099999998,1032,2012,2012,1
5070.9121,1,2009,8.8931875,,0,1033,2012,2012,1
5070.9121,1,2010,7.6683202,,0,1033,2012,2012,1
5070.9121,1,2011,7.5074072,,0,1033,2012,2012,1
5070.9121,1,2012,8.5247469,11.77,11.77,1033,2012,2012,1
5070.9121,1,2013,8,13.52,13.52,1033,2012,2012,1
4254.1001,.97142857,2009,8.6122684,,0,1034,2012,2012,1
4254.1001,.97142857,2010,7.3055553,,0,1034,2012,2012,1
4254.1001,.97142857,2011,7.652513,,0,1034,2012,2012,1
4254.1001,.97142857,2012,8.3428268,3.8800001,3.8800001,1034,2012,2012,1
4254.1001,.97142857,2013,7.4000001,1.14,1.14,1034,2012,2012,1
41340.832,1,2009,9.488657,,0,1035,2012,2012,1
41340.832,1,2010,9.6863756,,0,1035,2012,2012,1
41340.832,1,2011,11.548115,,0,1035,2012,2012,1
41340.832,1,2012,13.782408,10.26,10.26,1035,2012,2012,1
41340.832,1,2013,14.583334,20.879999,20.879999,1035,2012,2012,1
3209.52,1,2009,10.087963,,0,1036,2012,2012,1
3209.52,1,2010,8.2384262,,0,1036,2012,2012,1
3209.52,1,2011,8.1690474,,0,1036,2012,2012,1
3209.52,1,2012,9.4546299,19.58,19.58,1036,2012,2012,1
3209.52,1,2013,8.333333,2.5599999,2.5599999,1036,2012,2012,1
15020.409,1,2009,9.7754631,,0,1037,2012,2012,1
15020.409,1,2010,8.6740742,,0,1037,2012,2012,1
15020.409,1,2011,8.6920633,,0,1037,2012,2012,1
15020.409,1,2012,10.009596,25.33,25.33,1037,2012,2012,1
15020.409,1,2013,9.625,10.49,10.49,1037,2012,2012,1
3231.1978,.91764706,2009,7.3691077,,0,1038,2012,2012,1
3231.1978,.91764706,2010,5.9009256,,0,1038,2012,2012,1
3231.1978,.91764706,2011,6.0983467,,0,1038,2012,2012,1
3231.1978,.91764706,2012,7.0981483,2.0999999,2.0999999,1038,2012,2012,1
3231.1978,.91764706,2013,5.8000002,1.03,1.03,1038,2012,2012,1
2815.8982,.87850469,2009,7.5559525,,0,1039,2012,2012,1
2815.8982,.87850469,2010,6.279233,,0,1039,2012,2012,1
2815.8982,.87850469,2011,6.2699075,,0,1039,2012,2012,1
2815.8982,.87850469,2012,7.4291668,4.9899998,4.9899998,1039,2012,2012,1
2815.8982,.87850469,2013,6.1111112,3.1099999,3.1099999,1039,2012,2012,1
2481.053,.8125,2009,5.9986773,,0,1040,2012,2012,1
2481.053,.8125,2010,4.9928451,,0,1040,2012,2012,1
2481.053,.8125,2011,5.1449075,,0,1040,2012,2012,1
2481.053,.8125,2012,5.8132033,.029999999,.029999999,1040,2012,2012,1
2481.053,.8125,2013,4.8888888,0,0,1040,2012,2012,1
1897.0637,.7870968,2009,5.3135524,,0,1042,0,,0
1897.0637,.7870968,2010,4.4232802,,0,1042,0,,0
1897.0637,.7870968,2011,4.5174603,,0,1042,0,,0
1897.0637,.7870968,2012,4.9677911,0,0,1042,0,,0
1897.0637,.7870968,2013,4.375,0,0,1042,0,,0
4964.9482,.89655173,2009,9.2990742,,0,1043,2012,2012,1
4964.9482,.89655173,2010,7.7742062,,0,1043,2012,2012,1
4964.9482,.89655173,2011,7.414021,,0,1043,2012,2012,1
4964.9482,.89655173,2012,8.4656744,7.71,7.71,1043,2012,2012,1
4964.9482,.89655173,2013,8.25,1.03,1.03,1043,2012,2012,1
2173.5508,.90677965,2009,6.2731061,,0,1044,2012,2012,1
2173.5508,.90677965,2010,5.1004391,,0,1044,2012,2012,1
2173.5508,.90677965,2011,5.2184525,,0,1044,2012,2012,1
2173.5508,.90677965,2012,5.5833335,.70999998,.70999998,1044,2012,2012,1
2173.5508,.90677965,2013,4.625,0,0,1044,2012,2012,1
4679.9712,.9710145,2009,13.253439,,0,1045,2012,2012,1
4679.9712,.9710145,2010,11.181878,,0,1045,2012,2012,1
4679.9712,.9710145,2011,10.969643,,0,1045,2012,2012,1
4679.9712,.9710145,2012,11.529437,2.9100001,2.9100001,1045,2012,2012,1
4679.9712,.9710145,2013,11,0,0,1045,2012,2012,1
2513.291,.87272727,2009,8.5268517,,0,1048,2012,2012,1
2513.291,.87272727,2010,7.5055556,,0,1048,2012,2012,1
2513.291,.87272727,2011,8.2787695,,0,1048,2012,2012,1
2513.291,.87272727,2012,9.4173403,3.9100001,3.9100001,1048,2012,2012,1
2513.291,.87272727,2013,7.875,.25,.25,1048,2012,2012,1
2256.3308,.7647059,2009,7.0112433,,0,1049,2012,2012,1
2256.3308,.7647059,2010,6.5082011,,0,1049,2012,2012,1
2256.3308,.7647059,2011,7.0720239,,0,1049,2012,2012,1
2256.3308,.7647059,2012,7.543098,4.5599999,4.5599999,1049,2012,2012,1
2256.3308,.7647059,2013,7.125,.2,.2,1049,2012,2012,1
1547.3218,.74111676,2009,6.2933202,,0,1050,2012,2012,1
1547.3218,.74111676,2010,5.0214286,,0,1050,2012,2012,1
1547.3218,.74111676,2011,5.2139549,,0,1050,2012,2012,1
1547.3218,.74111676,2012,5.7666664,4.5799999,4.5799999,1050,2012,2012,1
1547.3218,.74111676,2013,4.7142859,.51999998,.51999998,1050,2012,2012,1
1251.2601,.61434978,2009,5.9400463,,0,1051,2012,2012,1
1251.2601,.61434978,2010,4.9811687,,0,1051,2012,2012,1
1251.2601,.61434978,2011,5.1531744,,0,1051,2012,2012,1
1251.2601,.61434978,2012,5.5370369,.43000001,.43000001,1051,2012,2012,1
1251.2601,.61434978,2013,4.5,0,0,1051,2012,2012,1
1942.8724,.82550335,2009,6.1886573,,0,1052,2012,2012,1
1942.8724,.82550335,2010,5.030724,,0,1052,2012,2012,1
1942.8724,.82550335,2011,5.0946426,,0,1052,2012,2012,1
1942.8724,.82550335,2012,5.5111113,1.42,1.42,1052,2012,2012,1
1942.8724,.82550335,2013,4.625,.029999999,.029999999,1052,2012,2012,1
1689.0909,.76033056,2009,5.3782406,,0,1053,0,,0
1689.0909,.76033056,2010,4.7512989,,0,1053,0,,0
1689.0909,.76033056,2011,4.602447,,0,1053,0,,0
1689.0909,.76033056,2012,4.7830629,0,0,1053,0,,0
1689.0909,.76033056,2013,3.875,0,0,1053,0,,0
3332.9678,.78260869,2009,6.7361112,,0,1054,0,,0
3332.9678,.78260869,2010,5.7225528,,0,1054,0,,0
3332.9678,.78260869,2011,5.4076719,,0,1054,0,,0
3332.9678,.78260869,2012,5.6296296,0,0,1054,0,,0
3332.9678,.78260869,2013,4.375,0,0,1054,0,,0
2880.6086,.84615386,2009,5.0046296,,0,1056,0,,0
2880.6086,.84615386,2010,5.2331648,,0,1056,0,,0
2880.6086,.84615386,2011,4.7085319,,0,1056,0,,0
2880.6086,.84615386,2012,4.7205024,0,0,1056,0,,0
2880.6086,.84615386,2013,3.8,0,0,1056,0,,0
4408.125,.94366199,2009,7.064815,,0,1057,0,,0
4408.125,.94366199,2010,5.9437227,,0,1057,0,,0
4408.125,.94366199,2011,5.9763889,,0,1057,0,,0
4408.125,.94366199,2012,6.0436506,0,0,1057,0,,0
4408.125,.94366199,2013,5,0,0,1057,0,,0
2873.74,.86000001,2009,7.0138888,,0,1058,0,,0
2873.74,.86000001,2010,5.9196429,,0,1058,0,,0
2873.74,.86000001,2011,5.5733466,,0,1058,0,,0
2873.74,.86000001,2012,5.8167992,0,0,1058,0,,0
2873.74,.86000001,2013,4.8888888,0,0,1058,0,,0
2240.2361,.7518248,2009,7.8543983,,0,1060,0,,0
2240.2361,.7518248,2010,6.564899,,0,1060,0,,0
2240.2361,.7518248,2011,6.4164352,,0,1060,0,,0
2240.2361,.7518248,2012,6.8442459,0,0,1060,0,,0
2240.2361,.7518248,2013,5.8888888,0,0,1060,0,,0
8584.9697,.93333334,2009,10.955919,,0,1061,0,,0
8584.9697,.93333334,2010,9.0073595,,0,1061,0,,0
8584.9697,.93333334,2011,9.0319443,,0,1061,0,,0
8584.9697,.93333334,2012,9.7628965,0,0,1061,0,,0
8584.9697,.93333334,2013,8.333333,0,0,1061,0,,0
3152.8674,.91566265,2009,7.2972221,,0,1062,0,,0
3152.8674,.91566265,2010,6.1905003,,0,1062,0,,0
3152.8674,.91566265,2011,6.0427909,,0,1062,0,,0
3152.8674,.91566265,2012,6.0462961,0,0,1062,0,,0
3152.8674,.91566265,2013,4.7777777,0,0,1062,0,,0
2993.4363,.93617022,2009,6.4884262,,0,1063,0,,0
2993.4363,.93617022,2010,5.6163301,,0,1063,0,,0
2993.4363,.93617022,2011,5.8148146,,0,1063,0,,0
2993.4363,.93617022,2012,6.2805557,0,0,1063,0,,0
2993.4363,.93617022,2013,4.5555553,0,0,1063,0,,0
5273.6958,.93333334,2009,5.1967592,,0,1064,0,,0
5273.6958,.93333334,2010,4.750577,,0,1064,0,,0
5273.6958,.93333334,2011,4.935648,,0,1064,0,,0
5273.6958,.93333334,2012,5.3464284,0,0,1064,0,,0
5273.6958,.93333334,2013,3.4444444,0,0,1064,0,,0
3956.6619,.97058821,2009,6.0412035,,0,1065,0,,0
3956.6619,.97058821,2010,5.4359007,,0,1065,0,,0
3956.6619,.97058821,2011,5.6435184,,0,1065,0,,0
3956.6619,.97058821,2012,5.7406745,0,0,1065,0,,0
3956.6619,.97058821,2013,4.5555553,0,0,1065,0,,0
2866.1831,1,2009,6.198082,,0,1067,0,,0
2866.1831,1,2010,5.6113095,,0,1067,0,,0
2866.1831,1,2011,5.9129629,,0,1067,0,,0
2866.1831,1,2012,6.3680553,0,0,1067,0,,0
2866.1831,1,2013,5,0,0,1067,0,,0
9366.2646,.97058821,2009,10.277117,,0,1068,0,,0
9366.2646,.97058821,2010,8.1449499,,0,1068,0,,0
9366.2646,.97058821,2011,8.8981485,,0,1068,0,,0
9366.2646,.97058821,2012,9.2968254,0,0,1068,0,,0
9366.2646,.97058821,2013,7.8888888,0,0,1068,0,,0
2512.0974,.88073397,2009,6.5939817,,0,1069,0,,0
2512.0974,.88073397,2010,5.7300925,,0,1069,0,,0
2512.0974,.88073397,2011,5.1675925,,0,1069,0,,0
2512.0974,.88073397,2012,6.0902777,0,0,1069,0,,0
2512.0974,.88073397,2013,5.4444447,0,0,1069,0,,0
6430,.95238096,2009,5.7688494,,0,1070,0,,0
6430,.95238096,2010,5.6107802,,0,1070,0,,0
6430,.95238096,2011,4.9351854,,0,1070,0,,0
6430,.95238096,2012,5.8581347,0,0,1070,0,,0
6430,.95238096,2013,4.6666665,0,0,1070,0,,0
4623.9507,.98360658,2009,5.6981483,,0,1071,0,,0
4623.9507,.98360658,2010,5.176455,,0,1071,0,,0
4623.9507,.98360658,2011,5.0814815,,0,1071,0,,0
4623.9507,.98360658,2012,5.6805553,0,0,1071,0,,0
4623.9507,.98360658,2013,4.4444447,0,0,1071,0,,0
5788.1729,.98039216,2009,6.3531747,,0,1073,0,,0
5788.1729,.98039216,2010,5.7318125,,0,1073,0,,0
5788.1729,.98039216,2011,6.1097221,,0,1073,0,,0
5788.1729,.98039216,2012,6.5188494,0,0,1073,0,,0
5788.1729,.98039216,2013,5.5277777,0,0,1073,0,,0
2796.6736,.95789474,2009,6.2905092,,0,1074,0,,0
2796.6736,.95789474,2010,5.7479496,,0,1074,0,,0
2796.6736,.95789474,2011,5.8990741,,0,1074,0,,0
2796.6736,.95789474,2012,6.2757936,0,0,1074,0,,0
2796.6736,.95789474,2013,5.25,0,0,1074,0,,0
8108.606,.90625,2009,5.867394,,0,1075,0,,0
8108.606,.90625,2010,5.5106483,,0,1075,0,,0
8108.606,.90625,2011,6.0081019,,0,1075,0,,0
8108.606,.90625,2012,6.4345236,0,0,1075,0,,0
8108.606,.90625,2013,5.375,0,0,1075,0,,0
2803.6782,.93043476,2009,5.3805556,,0,1076,0,,0
2803.6782,.93043476,2010,4.766005,,0,1076,0,,0
2803.6782,.93043476,2011,4.8370371,,0,1076,0,,0
2803.6782,.93043476,2012,5.4146824,0,0,1076,0,,0
2803.6782,.93043476,2013,4.5,0,0,1076,0,,0
4203.6709,.97333336,2009,6.0734129,,0,1077,0,,0
4203.6709,.97333336,2010,5.3726854,,0,1077,0,,0
4203.6709,.97333336,2011,5.2564816,,0,1077,0,,0
4203.6709,.97333336,2012,6.5029583,0,0,1077,0,,0
4203.6709,.97333336,2013,5.375,0,0,1077,0,,0
3280.052,.97368419,2009,6.6033068,,0,1078,0,,0
3280.052,.97368419,2010,5.7929897,,0,1078,0,,0
3280.052,.97368419,2011,4.711442,,0,1078,0,,0
3280.052,.97368419,2012,6.6177249,0,0,1078,0,,0
3280.052,.97368419,2013,5.625,0,0,1078,0,,0
5102.4922,.8923077,2009,8.0935183,,0,1079,0,,0
5102.4922,.8923077,2010,6.9285712,,0,1079,0,,0
5102.4922,.8923077,2011,5.5129633,,0,1079,0,,0
5102.4922,.8923077,2012,7.4613094,0,0,1079,0,,0
5102.4922,.8923077,2013,5.875,0,0,1079,0,,0
3691.988,.87951809,2009,8.9045639,,0,1080,0,,0
3691.988,.87951809,2010,7.7060847,,0,1080,0,,0
3691.988,.87951809,2011,6.2978835,,0,1080,0,,0
3691.988,.87951809,2012,8.4226189,0,0,1080,0,,0
3691.988,.87951809,2013,7.1111112,0,0,1080,0,,0
2992.1633,.90816325,2009,7.9886246,,0,1081,0,,0
2992.1633,.90816325,2010,6.7208996,,0,1081,0,,0
2992.1633,.90816325,2011,5.4699073,,0,1081,0,,0
2992.1633,.90816325,2012,7.1498017,0,0,1081,0,,0
2992.1633,.90816325,2013,5.8888888,0,0,1081,0,,0
4749.0171,1,2009,5.8829365,,0,1083,0,,0
4749.0171,1,2010,5.083333,,0,1083,0,,0
4749.0171,1,2011,4.7400794,,0,1083,0,,0
4749.0171,1,2012,5.8263888,0,0,1083,0,,0
4749.0171,1,2013,4.75,0,0,1083,0,,0
13850,,2009,6.625926,,0,1084,0,,0
13850,,2010,5.6455026,,0,1084,0,,0
13850,,2011,4.5138888,,0,1084,0,,0
13850,,2012,6.1875,0,0,1084,0,,0
13850,,2013,5,0,0,1084,0,,0
4833.1816,.89090908,2009,7.6208997,,0,1085,0,,0
4833.1816,.89090908,2010,6.6446609,,0,1085,0,,0
4833.1816,.89090908,2011,6.4262567,,0,1085,0,,0
4833.1816,.89090908,2012,7.2740078,0,0,1085,0,,0
4833.1816,.89090908,2013,6,0,0,1085,0,,0
7695.2822,.92307693,2009,8.3900795,,0,1086,0,,0
7695.2822,.92307693,2010,7.8514552,,0,1086,0,,0
7695.2822,.92307693,2011,7.4027777,,0,1086,0,,0
7695.2822,.92307693,2012,7.8074675,0,0,1086,0,,0
7695.2822,.92307693,2013,6.4285712,0,0,1086,0,,0
3218.5667,.84269661,2009,7.2037039,,0,1087,0,,0
3218.5667,.84269661,2010,6.4060845,,0,1087,0,,0
3218.5667,.84269661,2011,6.0231481,,0,1087,0,,0
3218.5667,.84269661,2012,6.5081167,0,0,1087,0,,0
3218.5667,.84269661,2013,5.25,0,0,1087,0,,0
3174.5903,.81707317,2009,6.9430556,,0,1088,0,,0
3174.5903,.81707317,2010,6.3050265,,0,1088,0,,0
3174.5903,.81707317,2011,6.0714283,,0,1088,0,,0
3174.5903,.81707317,2012,6.2245369,0,0,1088,0,,0
3174.5903,.81707317,2013,4.7142859,0,0,1088,0,,0
3207.0938,.953125,2009,7.2862434,,0,1089,0,,0
3207.0938,.953125,2010,6.2177248,,0,1089,0,,0
3207.0938,.953125,2011,6.0717592,,0,1089,0,,0
3207.0938,.953125,2012,6.0684524,0,0,1089,0,,0
3207.0938,.953125,2013,4.8888888,0,0,1089,0,,0
3896.4546,.92207789,2009,6.4634261,,0,1090,0,,0
3896.4546,.92207789,2010,5.7244711,,0,1090,0,,0
3896.4546,.92207789,2011,5.2458334,,0,1090,0,,0
3896.4546,.92207789,2012,5.4593253,0,0,1090,0,,0
3896.4546,.92207789,2013,4.4444447,0,0,1090,0,,0
3650.0134,.9066667,2009,6.8624339,,0,1091,0,,0
3650.0134,.9066667,2010,6.1922078,,0,1091,0,,0
3650.0134,.9066667,2011,5.7597222,,0,1091,0,,0
3650.0134,.9066667,2012,5.8454366,0,0,1091,0,,0
3650.0134,.9066667,2013,4.75,0,0,1091,0,,0
2877.406,.88999999,2009,6.8837962,,0,1092,0,,0
2877.406,.88999999,2010,5.9345117,,0,1092,0,,0
2877.406,.88999999,2011,7.351356,,0,1092,0,,0
2877.406,.88999999,2012,6.8019838,0,0,1092,0,,0
2877.406,.88999999,2013,5.625,0,0,1092,0,,0
8757.6113,.91666669,2009,7.0745373,,0,1093,0,,0
8757.6113,.91666669,2010,6.1181817,,0,1093,0,,0
8757.6113,.91666669,2011,6.1690478,,0,1093,0,,0
8757.6113,.91666669,2012,6.3327022,0,0,1093,0,,0
8757.6113,.91666669,2013,5.6666665,0,0,1093,0,,0
3695.3501,1,2009,7.4865322,,0,1094,0,,0
3695.3501,1,2010,6.1042929,,0,1094,0,,0
3695.3501,1,2011,6.0499339,,0,1094,0,,0
3695.3501,1,2012,6.2512627,0,0,1094,0,,0
3695.3501,1,2013,5.1428571,0,0,1094,0,,0
1955.6104,.751634,2009,9.4908066,,0,1097,2012,2012,1
1955.6104,.751634,2010,8.0128365,,0,1097,2012,2012,1
1955.6104,.751634,2011,8.0498018,,0,1097,2012,2012,1
1955.6104,.751634,2012,8.5798941,1.27,1.27,1097,2012,2012,1
1955.6104,.751634,2013,6.5,0,0,1097,2012,2012,1
1594.193,.82456142,2009,8.0671291,,0,1098,2012,2012,1
1594.193,.82456142,2010,6.63272,,0,1098,2012,2012,1
1594.193,.82456142,2011,6.9085317,,0,1098,2012,2012,1
1594.193,.82456142,2012,7.2585859,2.53,2.53,1098,2012,2012,1
1594.193,.82456142,2013,5.8000002,.34999999,.34999999,1098,2012,2012,1
3258.4939,.91566265,2009,10.596429,,0,1099,0,,0
3258.4939,.91566265,2010,9.0937233,,0,1099,0,,0
3258.4939,.91566265,2011,9.0304232,,0,1099,0,,0
3258.4939,.91566265,2012,9.5926771,0,0,1099,0,,0
3258.4939,.91566265,2013,8.5,0,0,1099,0,,0
1652.9333,.78181821,2009,10.532474,,0,1100,0,,0
1652.9333,.78181821,2010,8.4584599,,0,1100,0,,0
1652.9333,.78181821,2011,8.796627,,0,1100,0,,0
1652.9333,.78181821,2012,8.7559347,0,0,1100,0,,0
1652.9333,.78181821,2013,7.8333335,0,0,1100,0,,0
4177.7539,.72881359,2009,11.411111,,0,1101,0,,0
4177.7539,.72881359,2010,9.2692404,,0,1101,0,,0
4177.7539,.72881359,2011,9.5722218,,0,1101,0,,0
4177.7539,.72881359,2012,9.6550922,0,0,1101,0,,0
4177.7539,.72881359,2013,10,0,0,1101,0,,0
2454.0361,.91891891,2009,9.9562502,,0,1102,0,,0
2454.0361,.91891891,2010,7.8795815,,0,1102,0,,0
2454.0361,.91891891,2011,8.055027,,0,1102,0,,0
2454.0361,.91891891,2012,8.2986107,0,0,1102,0,,0
2454.0361,.91891891,2013,7.3333335,0,0,1102,0,,0
3054.2478,.85840708,2009,6.7197089,,0,1103,0,,0
3054.2478,.85840708,2010,6.052393,,0,1103,0,,0
3054.2478,.85840708,2011,6.1750002,,0,1103,0,,0
3054.2478,.85840708,2012,6.7152777,0,0,1103,0,,0
3054.2478,.85840708,2013,5.5857143,0,0,1103,0,,0
1383.8817,.69306928,2009,7.9895506,,0,1104,0,,0
1383.8817,.69306928,2010,6.8273149,,0,1104,0,,0
1383.8817,.69306928,2011,6.8462963,,0,1104,0,,0
1383.8817,.69306928,2012,7.2024169,0,0,1104,0,,0
1383.8817,.69306928,2013,6.5999999,0,0,1104,0,,0
